Q_YF,P_YF,Q_IF,P_IF,Q_SC,P_SC,Q_TC,P_TC,Q_PF,P_PF,Q_LP,P_LP,Q_C,P_C,Q_HP,P_HP
14.5255,0.002,12.4344,0.001,51.932,0.002,32.316,0.002,37.2,0.001,12.84,0.001,23.576,0.002,38.32,0.001
13.9099,0.004,11.443,0.003,28.767,0.004,16.874,0.004,36.2,0.002,10.37,0.002,13.125,0.004,26.22,0.002
11.7118,0.007,10.3564,0.004,23.892,0.006,15.936,0.006,27,0.003,9.71,0.003,13.092,0.006,23.23,0.003
10.4245,0.009,10.0143,0.006,12.941,0.008,10.945,0.009,24.2,0.004,9.45,0.004,11.958,0.008,22.93,0.004
10.2695,0.011,9.3597,0.007,10.949,0.01,9.263,0.011,21.8,0.005,9.34,0.005,11.61,0.011,22.59,0.005
10.0601,0.013,9.211,0.008,9.209,0.012,9.226,0.013,19.9,0.006,9.33,0.006,11.502,0.013,21.4,0.007
9.9903,0.015,8.9693,0.01,9.028,0.014,8.723,0.015,19.1,0.007,8.72,0.007,11.442,0.015,21.33,0.008
9.9772,0.018,7.7195,0.011,8.886,0.016,8.646,0.017,18.4,0.009,8.51,0.008,10.648,0.017,21.04,0.009
9.9173,0.020,7.5465,0.013,8.421,0.018,8.022,0.019,18.2,0.01,8.09,0.009,10.372,0.019,20.01,0.01
9.2548,0.022,7.2208,0.014,7.367,0.02,7.816,0.021,17.5,0.011,7.76,0.01,10.212,0.021,19.62,0.011
9.212,0.024,7.0415,0.016,6.889,0.022,7.042,0.024,16.3,0.012,7.68,0.011,9.293,0.023,19.49,0.012
8.9619,0.026,6.6823,0.017,6.857,0.024,6.937,0.026,16.2,0.013,7.67,0.012,9.181,0.025,19.08,0.013
8.8978,0.029,6.5396,0.018,5.117,0.026,5.73,0.028,15.9,0.014,7.5,0.013,8.757,0.027,18.88,0.014
8.8451,0.031,6.5071,0.02,4.556,0.028,5.623,0.03,15.9,0.015,7.32,0.014,8.157,0.029,18.78,0.015
7.8894,0.033,6.1908,0.021,3.777,0.03,5.523,0.032,15.6,0.016,7.18,0.015,8.114,0.032,18.77,0.016
7.8566,0.035,6.0808,0.023,3.545,0.032,5.391,0.034,15.5,0.017,7.04,0.016,7.889,0.034,18.15,0.018
6.6986,0.037,6.0435,0.024,3.448,0.034,5.39,0.036,15.5,0.018,6.97,0.017,7.751,0.036,17.77,0.019
6.0482,0.040,5.9364,0.025,3.271,0.036,5.359,0.038,15,0.019,6.96,0.018,7.733,0.038,17.2,0.02
5.4274,0.042,5.8476,0.027,2.78,0.038,5.24,0.041,15,0.02,6.83,0.018,7.461,0.04,16.8,0.021
5.3678,0.044,5.8286,0.028,2.779,0.04,5.237,0.043,14.6,0.021,6.79,0.019,7.437,0.042,16.72,0.022
5.3309,0.046,5.6534,0.03,2.68,0.042,5.1,0.045,14.6,0.022,6.71,0.02,6.973,0.044,16.16,0.023
5.3141,0.048,5.6236,0.031,2.344,0.044,4.874,0.047,14.3,0.023,6.59,0.021,6.907,0.046,16.06,0.024
5.3014,0.051,5.5871,0.032,2.165,0.046,4.863,0.049,14.1,0.024,6.46,0.022,6.865,0.048,15.86,0.025
5.2857,0.053,5.5847,0.034,2.141,0.048,4.524,0.051,14.1,0.026,6.4,0.023,6.639,0.05,15.82,0.026
5.2325,0.055,5.5189,0.035,2.084,0.05,4.514,0.053,13.9,0.027,6.36,0.024,6.623,0.053,15.71,0.027
5.0605,0.057,5.4253,0.037,2.028,0.052,4.504,0.056,13.8,0.028,6.34,0.025,6.614,0.055,15.6,0.028
4.7943,0.059,5.4213,0.038,1.884,0.054,4.426,0.058,13.8,0.029,6.12,0.026,6.565,0.057,15.52,0.03
4.7405,0.062,5.3899,0.04,1.725,0.056,4.173,0.06,13.7,0.03,6.09,0.027,6.503,0.059,15.39,0.031
4.7211,0.064,5.2203,0.041,1.611,0.058,4.14,0.062,13.6,0.031,6.09,0.028,6.403,0.061,15.18,0.032
4.6496,0.066,5.2139,0.042,1.609,0.06,4.076,0.064,13.3,0.032,6.05,0.029,6.375,0.063,15.16,0.033
4.5925,0.068,5.1444,0.044,1.552,0.062,4.013,0.066,13.2,0.033,5.98,0.03,6.354,0.065,14.77,0.034
4.4869,0.070,5.1138,0.045,1.521,0.064,3.814,0.068,13.2,0.034,5.89,0.031,6.302,0.067,14.63,0.035
4.4771,0.073,5.044,0.047,1.498,0.066,3.651,0.071,13.2,0.035,5.87,0.032,6.23,0.069,14.35,0.036
4.4675,0.075,5.0416,0.048,1.466,0.068,3.352,0.073,13,0.036,5.85,0.033,6.229,0.071,14.25,0.037
4.4434,0.077,4.97,0.049,1.46,0.07,3.297,0.075,13,0.037,5.85,0.034,6.215,0.074,14.22,0.038
4.3582,0.079,4.9467,0.051,1.441,0.072,3.257,0.077,12.8,0.038,5.8,0.035,6.179,0.076,14.18,0.039
4.1177,0.081,4.9257,0.052,1.43,0.074,3.02,0.079,12.7,0.039,5.7,0.036,6.129,0.078,14.09,0.041
4.1151,0.084,4.9131,0.054,1.401,0.076,3.008,0.081,12.6,0.04,5.69,0.037,6.099,0.08,14.04,0.042
4.099,0.086,4.9086,0.055,1.388,0.078,2.826,0.083,12.6,0.042,5.64,0.038,6.079,0.082,13.86,0.043
4.0076,0.088,4.9059,0.056,1.362,0.08,2.809,0.085,12.6,0.043,5.5,0.039,6.035,0.084,13.85,0.044
3.9804,0.090,4.8922,0.058,1.313,0.082,2.775,0.088,12.6,0.044,5.47,0.04,6.014,0.086,13.75,0.045
3.9709,0.093,4.7953,0.059,1.267,0.083,2.764,0.09,12.4,0.045,5.46,0.041,5.983,0.088,13.61,0.046
3.969,0.095,4.7841,0.061,1.261,0.085,2.748,0.092,12.3,0.046,5.43,0.042,5.857,0.09,13.44,0.047
3.8629,0.097,4.7089,0.062,1.166,0.087,2.634,0.094,12,0.047,5.4,0.043,5.799,0.092,13.25,0.048
3.7965,0.099,4.6843,0.064,1.128,0.089,2.615,0.096,11.8,0.048,5.26,0.044,5.76,0.095,13.17,0.049
3.7507,0.101,4.6403,0.065,1.099,0.091,2.602,0.098,11.8,0.049,5.21,0.045,5.738,0.097,13.15,0.05
3.6897,0.104,4.6357,0.066,1.072,0.093,2.584,0.1,11.6,0.05,5.2,0.046,5.687,0.099,13.12,0.051
3.6128,0.106,4.6317,0.068,1.013,0.095,2.56,0.103,11.5,0.051,5.16,0.047,5.652,0.101,12.59,0.053
3.5736,0.108,4.6298,0.069,0.983,0.097,2.432,0.105,11.5,0.052,5.13,0.048,5.648,0.103,12.46,0.054
3.5151,0.110,4.5987,0.071,0.983,0.099,2.407,0.107,11.5,0.053,5.13,0.049,5.639,0.105,12.41,0.055
3.5062,0.112,4.5957,0.072,0.924,0.101,2.355,0.109,11.4,0.054,5.09,0.05,5.636,0.107,12.41,0.056
3.4967,0.115,4.5941,0.073,0.896,0.103,2.307,0.111,11.3,0.055,5.06,0.051,5.538,0.109,12.25,0.057
3.4307,0.117,4.5638,0.075,0.887,0.105,2.25,0.113,11.1,0.056,5.05,0.052,5.362,0.111,12.21,0.058
3.398,0.119,4.5528,0.076,0.877,0.107,2.22,0.115,11,0.058,4.99,0.053,5.273,0.113,12.03,0.059
3.2978,0.121,4.5498,0.078,0.828,0.109,2.079,0.118,10.9,0.059,4.96,0.054,5.255,0.116,12.01,0.06
3.2443,0.123,4.545,0.079,0.819,0.111,2.048,0.12,10.8,0.06,4.94,0.054,5.242,0.118,11.92,0.061
3.2305,0.126,4.4954,0.081,0.817,0.113,2.039,0.122,10.8,0.061,4.92,0.055,5.206,0.12,11.85,0.062
3.1968,0.128,4.4841,0.082,0.798,0.115,1.986,0.124,10.8,0.062,4.92,0.056,5.193,0.122,11.71,0.064
3.1578,0.130,4.4777,0.083,0.796,0.117,1.984,0.126,10.7,0.063,4.9,0.057,5.137,0.124,11.63,0.065
3.133,0.132,4.4699,0.085,0.785,0.119,1.973,0.128,10.7,0.064,4.87,0.058,5.074,0.126,11.5,0.066
3.0844,0.134,4.4127,0.086,0.773,0.121,1.893,0.13,10.7,0.065,4.86,0.059,5.056,0.128,11.41,0.067
3.0019,0.137,4.4106,0.088,0.758,0.123,1.75,0.132,10.7,0.066,4.76,0.06,5.008,0.13,11.39,0.068
2.9231,0.139,4.4103,0.089,0.749,0.125,1.74,0.135,10.7,0.067,4.73,0.061,4.919,0.132,11.38,0.069
2.9131,0.141,4.3918,0.09,0.746,0.127,1.726,0.137,10.7,0.068,4.73,0.062,4.863,0.134,11.38,0.07
2.8857,0.143,4.3795,0.092,0.74,0.129,1.717,0.139,10.6,0.069,4.69,0.063,4.83,0.137,11.26,0.071
2.881,0.145,4.3379,0.093,0.713,0.131,1.655,0.141,10.6,0.07,4.69,0.064,4.809,0.139,11.24,0.072
2.8563,0.148,4.3304,0.095,0.688,0.133,1.637,0.143,10.4,0.071,4.69,0.065,4.764,0.141,11.17,0.073
2.8525,0.150,4.3033,0.096,0.671,0.135,1.585,0.145,10.2,0.072,4.64,0.066,4.702,0.143,11.12,0.074
2.7665,0.152,4.2982,0.097,0.663,0.137,1.547,0.147,10.2,0.073,4.58,0.067,4.698,0.145,11.08,0.076
2.7191,0.154,4.2939,0.099,0.662,0.139,1.481,0.15,10.2,0.075,4.55,0.068,4.648,0.147,10.93,0.077
2.7153,0.156,4.2872,0.1,0.651,0.141,1.447,0.152,10.1,0.076,4.53,0.069,4.59,0.149,10.88,0.078
2.6824,0.159,4.2687,0.102,0.648,0.143,1.336,0.154,10.1,0.077,4.51,0.07,4.581,0.151,10.77,0.079
2.6821,0.161,4.2665,0.103,0.618,0.145,1.336,0.156,10.1,0.078,4.5,0.071,4.546,0.153,10.76,0.08
2.6756,0.163,4.197,0.105,0.594,0.147,1.33,0.158,10.1,0.079,4.47,0.072,4.516,0.155,10.73,0.081
2.5947,0.165,4.1941,0.106,0.593,0.149,1.296,0.16,10,0.08,4.46,0.073,4.456,0.158,10.71,0.082
2.5861,0.167,4.1914,0.107,0.586,0.151,1.254,0.162,9.9,0.081,4.46,0.074,4.429,0.16,10.66,0.083
2.5784,0.170,4.1847,0.109,0.571,0.153,1.223,0.165,9.9,0.082,4.45,0.075,4.395,0.162,10.66,0.084
2.5728,0.172,4.1662,0.11,0.571,0.155,1.187,0.167,9.9,0.083,4.43,0.076,4.376,0.164,10.64,0.085
2.5595,0.174,4.1528,0.112,0.557,0.157,1.139,0.169,9.9,0.084,4.43,0.077,4.371,0.166,10.52,0.087
2.5562,0.176,4.1479,0.113,0.551,0.159,1.13,0.171,9.8,0.085,4.42,0.078,4.37,0.168,10.48,0.088
2.4998,0.178,4.1477,0.114,0.546,0.161,1.105,0.173,9.8,0.086,4.38,0.079,4.256,0.17,10.42,0.089
2.4973,0.181,4.102,0.116,0.54,0.163,1.07,0.175,9.8,0.087,4.37,0.08,4.24,0.172,10.42,0.09
2.4634,0.183,4.1002,0.117,0.524,0.165,1.059,0.177,9.7,0.088,4.34,0.081,4.229,0.174,10.4,0.091
2.4505,0.185,4.0969,0.119,0.522,0.167,1.034,0.179,9.7,0.089,4.31,0.082,4.097,0.176,10.33,0.092
2.4424,0.187,4.0567,0.12,0.516,0.169,1.028,0.182,9.7,0.091,4.24,0.083,4.094,0.179,10.32,0.093
2.4119,0.189,4.0387,0.121,0.507,0.171,1.008,0.184,9.5,0.092,4.23,0.084,4.09,0.181,10.2,0.094
2.4007,0.192,4.0253,0.123,0.5,0.173,0.98,0.186,9.5,0.093,4.21,0.085,4.036,0.183,10.08,0.095
2.3804,0.194,3.9979,0.124,0.493,0.175,0.968,0.188,9.4,0.094,4.2,0.086,3.96,0.185,9.99,0.096
2.3783,0.196,3.9969,0.126,0.484,0.177,0.951,0.19,9.4,0.095,4.2,0.087,3.923,0.187,9.91,0.097
2.3727,0.198,3.9888,0.127,0.484,0.179,0.947,0.192,9.4,0.096,4.18,0.088,3.916,0.189,9.85,0.099
2.3594,0.200,3.9797,0.129,0.471,0.181,0.916,0.194,9.4,0.097,4.14,0.089,3.905,0.191,9.81,0.1
2.3495,0.203,3.9792,0.13,0.451,0.183,0.913,0.197,9.3,0.098,4.1,0.089,3.896,0.193,9.81,0.101
2.2975,0.205,3.9762,0.131,0.44,0.185,0.903,0.199,9.3,0.099,4.07,0.09,3.869,0.195,9.77,0.102
2.2764,0.207,3.9719,0.133,0.434,0.187,0.892,0.201,9.2,0.1,4.05,0.091,3.864,0.197,9.72,0.103
2.2586,0.209,3.9676,0.134,0.428,0.189,0.879,0.203,9.2,0.101,4.05,0.092,3.847,0.2,9.63,0.104
2.2514,0.211,3.9676,0.136,0.422,0.191,0.87,0.205,9.1,0.102,4.05,0.093,3.811,0.202,9.59,0.105
2.2512,0.214,3.9668,0.137,0.42,0.193,0.851,0.207,9.1,0.103,4.04,0.094,3.797,0.204,9.57,0.106
2.2262,0.216,3.9666,0.138,0.419,0.195,0.844,0.209,9.1,0.104,4.03,0.095,3.777,0.206,9.53,0.107
2.196,0.218,3.9515,0.14,0.416,0.197,0.829,0.212,9,0.105,4.01,0.096,3.755,0.208,9.53,0.108
2.1834,0.220,3.9006,0.141,0.412,0.199,0.789,0.214,9,0.106,3.99,0.097,3.721,0.21,9.47,0.11
2.1815,0.222,3.8748,0.143,0.409,0.201,0.781,0.216,9,0.108,3.97,0.098,3.709,0.212,9.43,0.111
2.1665,0.225,3.86,0.144,0.407,0.203,0.771,0.218,8.9,0.109,3.96,0.099,3.707,0.214,9.37,0.112
2.1616,0.227,3.8536,0.145,0.406,0.205,0.738,0.22,8.9,0.11,3.96,0.1,3.703,0.216,9.3,0.113
2.1504,0.229,3.8415,0.147,0.405,0.207,0.728,0.222,8.8,0.111,3.94,0.101,3.695,0.218,9.2,0.114
2.1404,0.231,3.8316,0.148,0.395,0.209,0.723,0.224,8.7,0.112,3.94,0.102,3.643,0.221,9.15,0.115
2.1222,0.233,3.8238,0.15,0.395,0.211,0.68,0.226,8.7,0.113,3.9,0.103,3.63,0.223,9.11,0.116
2.096,0.236,3.8187,0.151,0.393,0.213,0.678,0.229,8.7,0.114,3.9,0.104,3.625,0.225,9.07,0.117
2.0861,0.238,3.8117,0.153,0.391,0.215,0.668,0.231,8.7,0.115,3.89,0.105,3.611,0.227,9.03,0.118
2.0698,0.240,3.8096,0.154,0.388,0.217,0.667,0.233,8.7,0.116,3.88,0.106,3.607,0.229,8.99,0.119
2.0254,0.242,3.8069,0.155,0.386,0.219,0.657,0.235,8.6,0.117,3.87,0.107,3.501,0.231,8.93,0.12
2.0166,0.244,3.8029,0.157,0.376,0.221,0.65,0.237,8.6,0.118,3.83,0.108,3.489,0.233,8.89,0.122
2.0079,0.247,3.7881,0.158,0.373,0.223,0.643,0.239,8.6,0.119,3.81,0.109,3.468,0.235,8.88,0.123
2.0053,0.249,3.775,0.16,0.367,0.225,0.632,0.241,8.5,0.12,3.79,0.11,3.464,0.237,8.74,0.124
2.0002,0.251,3.7728,0.161,0.364,0.227,0.63,0.244,8.5,0.121,3.79,0.111,3.363,0.239,8.72,0.125
1.9978,0.253,3.764,0.162,0.361,0.229,0.61,0.246,8.4,0.122,3.79,0.112,3.32,0.242,8.58,0.126
1.9897,0.256,3.7551,0.164,0.359,0.231,0.609,0.248,8.4,0.124,3.78,0.113,3.257,0.244,8.55,0.127
1.984,0.258,3.7484,0.165,0.359,0.233,0.6,0.25,8.4,0.125,3.73,0.114,3.251,0.246,8.43,0.128
1.9578,0.260,3.7339,0.167,0.358,0.235,0.59,0.252,8.3,0.126,3.72,0.115,3.235,0.248,8.27,0.129
1.9485,0.262,3.7211,0.168,0.355,0.237,0.583,0.254,8.3,0.127,3.71,0.116,3.219,0.25,8.25,0.13
1.9462,0.264,3.7208,0.169,0.354,0.239,0.578,0.256,8.3,0.128,3.7,0.117,3.218,0.252,8.25,0.131
1.9422,0.267,3.709,0.171,0.345,0.241,0.57,0.259,8.3,0.129,3.69,0.118,3.209,0.254,8.23,0.133
1.9218,0.269,3.6956,0.172,0.334,0.243,0.56,0.261,8.2,0.13,3.68,0.119,3.183,0.256,8.23,0.134
1.8878,0.271,3.6956,0.174,0.332,0.245,0.548,0.263,8.1,0.131,3.68,0.12,3.165,0.258,8.23,0.135
1.8819,0.273,3.6913,0.175,0.331,0.247,0.537,0.265,8.1,0.132,3.66,0.121,3.153,0.261,8.15,0.136
1.8711,0.275,3.6685,0.177,0.329,0.249,0.535,0.267,8.1,0.133,3.65,0.122,3.139,0.263,8.06,0.137
1.8623,0.278,3.6674,0.178,0.321,0.25,0.53,0.269,8.1,0.134,3.64,0.123,3.123,0.265,8.04,0.138
1.8574,0.280,3.6564,0.179,0.308,0.252,0.523,0.271,8.1,0.135,3.64,0.124,3.105,0.267,7.99,0.139
1.8247,0.282,3.6435,0.181,0.306,0.254,0.512,0.274,8.1,0.136,3.63,0.125,3.103,0.269,7.94,0.14
1.8026,0.284,3.6266,0.182,0.306,0.256,0.489,0.276,8,0.137,3.63,0.125,3.081,0.271,7.92,0.141
1.7936,0.286,3.6253,0.184,0.302,0.258,0.477,0.278,8,0.138,3.63,0.126,3.079,0.273,7.9,0.142
1.7908,0.289,3.6212,0.185,0.302,0.26,0.476,0.28,8,0.14,3.62,0.127,3.077,0.275,7.9,0.143
1.7877,0.291,3.6009,0.186,0.301,0.262,0.476,0.282,8,0.141,3.62,0.128,3.072,0.277,7.78,0.145
1.7805,0.293,3.5705,0.188,0.3,0.264,0.471,0.284,7.9,0.142,3.61,0.129,3.071,0.279,7.73,0.146
1.7508,0.295,3.5598,0.189,0.297,0.266,0.469,0.286,7.9,0.143,3.58,0.13,3.07,0.282,7.72,0.147
1.7477,0.297,3.5526,0.191,0.278,0.268,0.458,0.288,7.9,0.144,3.58,0.131,3.069,0.284,7.71,0.148
1.7473,0.300,3.5475,0.192,0.275,0.27,0.456,0.291,7.9,0.145,3.58,0.132,3.063,0.286,7.66,0.149
1.7164,0.302,3.5381,0.194,0.274,0.272,0.439,0.293,7.9,0.146,3.57,0.133,3.021,0.288,7.63,0.15
1.7122,0.304,3.4919,0.195,0.272,0.274,0.433,0.295,7.9,0.147,3.56,0.134,3.006,0.29,7.62,0.151
1.672,0.306,3.4901,0.196,0.268,0.276,0.429,0.297,7.8,0.148,3.56,0.135,2.995,0.292,7.6,0.152
1.6568,0.308,3.4895,0.198,0.267,0.278,0.425,0.299,7.8,0.149,3.55,0.136,2.995,0.294,7.55,0.153
1.6521,0.311,3.4839,0.199,0.266,0.28,0.419,0.301,7.7,0.15,3.55,0.137,2.993,0.296,7.54,0.154
1.6494,0.313,3.4785,0.201,0.25,0.282,0.416,0.303,7.7,0.151,3.55,0.138,2.988,0.298,7.54,0.156
1.6344,0.315,3.4715,0.202,0.245,0.284,0.414,0.306,7.7,0.152,3.54,0.139,2.984,0.3,7.54,0.157
1.63,0.317,3.4678,0.203,0.236,0.286,0.411,0.308,7.6,0.153,3.51,0.14,2.957,0.303,7.53,0.158
1.5958,0.319,3.4579,0.205,0.229,0.288,0.404,0.31,7.6,0.154,3.5,0.141,2.941,0.305,7.51,0.159
1.5912,0.322,3.4458,0.206,0.223,0.29,0.398,0.312,7.6,0.155,3.48,0.142,2.941,0.307,7.51,0.16
1.5781,0.324,3.4313,0.208,0.218,0.292,0.397,0.314,7.6,0.157,3.48,0.143,2.912,0.309,7.48,0.161
1.5769,0.326,3.4238,0.209,0.218,0.294,0.391,0.316,7.6,0.158,3.46,0.144,2.895,0.311,7.44,0.162
1.5661,0.328,3.4163,0.21,0.214,0.296,0.387,0.318,7.5,0.159,3.46,0.145,2.891,0.313,7.39,0.163
1.5311,0.330,3.4085,0.212,0.213,0.298,0.386,0.321,7.5,0.16,3.46,0.146,2.889,0.315,7.35,0.164
1.5232,0.333,3.3953,0.213,0.199,0.3,0.384,0.323,7.4,0.161,3.45,0.147,2.886,0.317,7.35,0.165
1.5145,0.335,3.3921,0.215,0.194,0.302,0.383,0.325,7.4,0.162,3.44,0.148,2.881,0.319,7.27,0.166
1.5021,0.337,3.3771,0.216,0.194,0.304,0.383,0.327,7.4,0.163,3.44,0.149,2.867,0.321,7.27,0.168
1.4997,0.339,3.3766,0.218,0.193,0.306,0.382,0.329,7.4,0.164,3.42,0.15,2.866,0.324,7.24,0.169
1.4881,0.341,3.3578,0.219,0.193,0.308,0.369,0.331,7.4,0.165,3.36,0.151,2.842,0.326,7.23,0.17
1.4754,0.344,3.3484,0.22,0.192,0.31,0.366,0.333,7.4,0.166,3.36,0.152,2.835,0.328,7.21,0.171
1.4525,0.346,3.3291,0.222,0.187,0.312,0.365,0.335,7.3,0.167,3.31,0.153,2.816,0.33,7.2,0.172
1.4437,0.348,3.3221,0.223,0.187,0.314,0.355,0.338,7.3,0.168,3.31,0.154,2.804,0.332,7.17,0.173
1.4434,0.350,3.321,0.225,0.183,0.316,0.352,0.34,7.3,0.169,3.31,0.155,2.801,0.334,7.12,0.174
1.4219,0.352,3.3065,0.226,0.167,0.318,0.351,0.342,7.2,0.17,3.28,0.156,2.785,0.336,7.08,0.175
1.3859,0.355,3.3063,0.227,0.166,0.32,0.341,0.344,7.2,0.171,3.27,0.157,2.772,0.338,7.05,0.176
1.3859,0.357,3.2988,0.229,0.166,0.322,0.334,0.346,7.2,0.173,3.27,0.158,2.763,0.34,7.05,0.177
1.3684,0.359,3.2869,0.23,0.161,0.324,0.328,0.348,7.1,0.174,3.26,0.159,2.763,0.342,7.05,0.179
1.3647,0.361,3.2794,0.232,0.16,0.326,0.326,0.35,7.1,0.175,3.25,0.16,2.742,0.345,7.01,0.18
1.363,0.363,3.2765,0.233,0.159,0.328,0.319,0.353,7.1,0.176,3.24,0.161,2.738,0.347,7.01,0.181
1.3582,0.366,3.2615,0.234,0.157,0.33,0.316,0.355,7.1,0.177,3.24,0.161,2.734,0.349,7,0.182
1.3535,0.368,3.258,0.236,0.156,0.332,0.312,0.357,7.1,0.178,3.23,0.162,2.732,0.351,6.96,0.183
1.3418,0.370,3.207,0.237,0.155,0.334,0.309,0.359,7.1,0.179,3.19,0.163,2.708,0.353,6.96,0.184
1.3376,0.372,3.196,0.239,0.155,0.336,0.307,0.361,7,0.18,3.19,0.164,2.694,0.355,6.95,0.185
1.3366,0.374,3.1917,0.24,0.155,0.338,0.306,0.363,7,0.181,3.19,0.165,2.693,0.357,6.94,0.186
1.3303,0.377,3.1767,0.242,0.152,0.34,0.296,0.365,7,0.182,3.17,0.166,2.688,0.359,6.9,0.187
1.3289,0.379,3.1751,0.243,0.15,0.342,0.292,0.368,7,0.183,3.17,0.167,2.686,0.361,6.88,0.188
1.3247,0.381,3.1732,0.244,0.15,0.344,0.29,0.37,6.9,0.184,3.16,0.168,2.681,0.363,6.87,0.189
1.3207,0.383,3.1625,0.246,0.146,0.346,0.289,0.372,6.8,0.185,3.15,0.169,2.67,0.366,6.79,0.191
1.3179,0.385,3.1595,0.247,0.143,0.348,0.278,0.374,6.8,0.186,3.15,0.17,2.669,0.368,6.77,0.192
1.3168,0.388,3.1579,0.249,0.131,0.35,0.27,0.376,6.8,0.187,3.12,0.171,2.645,0.37,6.76,0.193
1.3146,0.390,3.1418,0.25,0.13,0.352,0.269,0.378,6.8,0.188,3.12,0.172,2.645,0.372,6.76,0.194
1.3095,0.392,3.1273,0.251,0.127,0.354,0.268,0.38,6.8,0.19,3.12,0.173,2.641,0.374,6.72,0.195
1.3065,0.394,3.1236,0.253,0.125,0.356,0.262,0.382,6.8,0.191,3.11,0.174,2.638,0.376,6.62,0.196
1.3021,0.396,3.1168,0.254,0.124,0.358,0.257,0.385,6.7,0.192,3.11,0.175,2.637,0.378,6.61,0.197
1.302,0.399,3.1021,0.256,0.124,0.36,0.253,0.387,6.7,0.193,3.1,0.176,2.628,0.38,6.59,0.198
1.3016,0.401,3.0999,0.257,0.122,0.362,0.253,0.389,6.7,0.194,3.09,0.177,2.61,0.382,6.58,0.199
1.3007,0.403,3.09,0.258,0.121,0.364,0.251,0.391,6.7,0.195,3.09,0.178,2.61,0.384,6.58,0.2
1.3004,0.405,3.0895,0.26,0.12,0.366,0.249,0.393,6.6,0.196,3.08,0.179,2.602,0.387,6.57,0.202
1.2971,0.407,3.0876,0.261,0.12,0.368,0.246,0.395,6.6,0.197,3.08,0.18,2.599,0.389,6.56,0.203
1.292,0.410,3.0812,0.263,0.118,0.37,0.243,0.397,6.6,0.198,3.06,0.181,2.599,0.391,6.52,0.204
1.2904,0.412,3.071,0.264,0.116,0.372,0.241,0.4,6.6,0.199,3.05,0.182,2.586,0.393,6.52,0.205
1.2885,0.414,3.0629,0.266,0.116,0.374,0.24,0.402,6.6,0.2,3.05,0.183,2.571,0.395,6.52,0.206
1.2883,0.416,3.0468,0.267,0.115,0.376,0.239,0.404,6.6,0.201,3.05,0.184,2.55,0.397,6.47,0.207
1.2819,0.419,3.0208,0.268,0.114,0.378,0.237,0.406,6.6,0.202,3.05,0.185,2.546,0.399,6.45,0.208
1.2808,0.421,3.0192,0.27,0.109,0.38,0.234,0.408,6.6,0.203,3.04,0.186,2.538,0.401,6.41,0.209
1.2778,0.423,3.0181,0.271,0.107,0.382,0.229,0.41,6.5,0.204,3.03,0.187,2.532,0.403,6.41,0.21
1.2768,0.425,2.9728,0.273,0.105,0.384,0.224,0.412,6.5,0.206,3.03,0.188,2.526,0.405,6.4,0.211
1.273,0.427,2.9561,0.274,0.104,0.386,0.222,0.415,6.5,0.207,3.03,0.189,2.523,0.408,6.39,0.212
1.2714,0.430,2.9561,0.275,0.103,0.388,0.22,0.417,6.5,0.208,3.02,0.19,2.518,0.41,6.35,0.214
1.2677,0.432,2.9451,0.277,0.102,0.39,0.22,0.419,6.5,0.209,3.01,0.191,2.504,0.412,6.33,0.215
1.2599,0.434,2.9288,0.278,0.101,0.392,0.215,0.421,6.5,0.21,2.99,0.192,2.496,0.414,6.28,0.216
1.2584,0.436,2.928,0.28,0.096,0.394,0.214,0.423,6.5,0.211,2.98,0.193,2.486,0.416,6.26,0.217
1.2564,0.438,2.9127,0.281,0.092,0.396,0.213,0.425,6.4,0.212,2.97,0.194,2.48,0.418,6.23,0.218
1.2541,0.441,2.9081,0.282,0.09,0.398,0.209,0.427,6.4,0.213,2.96,0.195,2.476,0.42,6.2,0.219
1.2515,0.443,2.9052,0.284,0.086,0.4,0.205,0.429,6.4,0.214,2.96,0.196,2.475,0.422,6.11,0.22
1.2488,0.445,2.9022,0.285,0.084,0.402,0.205,0.432,6.4,0.215,2.95,0.196,2.47,0.424,6.09,0.221
1.2459,0.447,2.8971,0.287,0.082,0.404,0.204,0.434,6.4,0.216,2.91,0.197,2.453,0.426,6.08,0.222
1.2445,0.449,2.8832,0.288,0.08,0.406,0.203,0.436,6.4,0.217,2.9,0.198,2.417,0.429,6.08,0.223
1.2413,0.452,2.8719,0.29,0.075,0.408,0.199,0.438,6.4,0.218,2.88,0.199,2.38,0.431,6.06,0.225
1.2329,0.454,2.8598,0.291,0.072,0.41,0.197,0.44,6.3,0.219,2.87,0.2,2.373,0.433,6.05,0.226
1.2314,0.456,2.8493,0.292,0.071,0.412,0.193,0.442,6.3,0.22,2.87,0.201,2.371,0.435,6.05,0.227
1.231,0.458,2.8477,0.294,0.07,0.414,0.191,0.444,6.3,0.222,2.87,0.202,2.365,0.437,6.05,0.228
1.2273,0.460,2.837,0.295,0.067,0.416,0.189,0.447,6.3,0.223,2.86,0.203,2.365,0.439,6.03,0.229
1.2209,0.463,2.8241,0.297,0.067,0.417,0.189,0.449,6.3,0.224,2.85,0.204,2.342,0.441,6,0.23
1.2043,0.465,2.8166,0.298,0.066,0.419,0.186,0.451,6.3,0.225,2.84,0.205,2.322,0.443,5.99,0.231
1.1981,0.467,2.8153,0.299,0.066,0.421,0.185,0.453,6.3,0.226,2.83,0.206,2.302,0.445,5.96,0.232
1.1978,0.469,2.811,0.301,0.065,0.423,0.183,0.455,6.2,0.227,2.83,0.207,2.279,0.447,5.95,0.233
1.1875,0.471,2.8035,0.302,0.064,0.425,0.182,0.457,6.2,0.228,2.82,0.208,2.278,0.45,5.93,0.234
1.1718,0.474,2.8005,0.304,0.06,0.427,0.182,0.459,6.2,0.229,2.78,0.209,2.275,0.452,5.92,0.235
1.1712,0.476,2.7986,0.305,0.06,0.429,0.181,0.462,6.2,0.23,2.78,0.21,2.257,0.454,5.9,0.237
1.1695,0.478,2.7893,0.306,0.059,0.431,0.18,0.464,6.2,0.231,2.78,0.211,2.23,0.456,5.86,0.238
1.167,0.480,2.7842,0.308,0.058,0.433,0.179,0.466,6.2,0.232,2.78,0.212,2.21,0.458,5.8,0.239
1.1558,0.482,2.7807,0.309,0.057,0.435,0.178,0.468,6.1,0.233,2.78,0.213,2.198,0.46,5.8,0.24
1.152,0.485,2.7791,0.311,0.057,0.437,0.176,0.47,6.1,0.234,2.76,0.214,2.191,0.462,5.79,0.241
1.1487,0.487,2.778,0.312,0.055,0.439,0.175,0.472,6.1,0.235,2.74,0.215,2.179,0.464,5.75,0.242
1.1429,0.489,2.7777,0.314,0.054,0.441,0.174,0.474,6.1,0.236,2.74,0.216,2.175,0.466,5.75,0.243
1.137,0.491,2.7769,0.315,0.054,0.443,0.173,0.476,6.1,0.237,2.73,0.217,2.17,0.468,5.73,0.244
1.1324,0.493,2.7729,0.316,0.054,0.445,0.172,0.479,6.1,0.239,2.73,0.218,2.166,0.471,5.73,0.245
1.1284,0.496,2.7723,0.318,0.054,0.447,0.171,0.481,6.1,0.24,2.73,0.219,2.165,0.473,5.71,0.246
1.1275,0.498,2.763,0.319,0.054,0.449,0.17,0.483,6.1,0.241,2.71,0.22,2.165,0.475,5.67,0.248
1.117,0.500,2.7627,0.321,0.052,0.451,0.17,0.485,6.1,0.242,2.71,0.221,2.146,0.477,5.66,0.249
1.1118,0.502,2.7552,0.322,0.052,0.453,0.169,0.487,6.1,0.243,2.7,0.222,2.143,0.479,5.62,0.25
1.1115,0.504,2.7426,0.323,0.051,0.455,0.164,0.489,6,0.244,2.67,0.223,2.111,0.481,5.59,0.251
1.1113,0.507,2.7418,0.325,0.05,0.457,0.162,0.491,6,0.245,2.66,0.224,2.104,0.483,5.53,0.252
1.106,0.509,2.7418,0.326,0.049,0.459,0.162,0.494,6,0.246,2.65,0.225,2.083,0.485,5.53,0.253
1.105,0.511,2.7393,0.328,0.049,0.461,0.162,0.496,6,0.247,2.64,0.226,2.067,0.487,5.52,0.254
1.0975,0.513,2.7388,0.329,0.049,0.463,0.161,0.498,5.9,0.248,2.62,0.227,2.06,0.489,5.5,0.255
1.0907,0.515,2.731,0.331,0.048,0.465,0.16,0.5,5.9,0.249,2.62,0.228,2.059,0.492,5.5,0.256
1.0907,0.518,2.7308,0.332,0.047,0.467,0.16,0.502,5.9,0.25,2.6,0.229,2.027,0.494,5.49,0.257
1.0858,0.520,2.7259,0.333,0.046,0.469,0.159,0.504,5.8,0.251,2.59,0.23,2.025,0.496,5.47,0.258
1.0772,0.522,2.7208,0.335,0.046,0.471,0.159,0.506,5.8,0.252,2.59,0.231,2.002,0.498,5.44,0.26
1.073,0.524,2.7125,0.336,0.046,0.473,0.157,0.509,5.8,0.253,2.58,0.232,1.988,0.5,5.44,0.261
1.0625,0.526,2.7018,0.338,0.045,0.475,0.157,0.511,5.8,0.255,2.56,0.232,1.986,0.502,5.42,0.262
1.056,0.529,2.7004,0.339,0.045,0.477,0.155,0.513,5.7,0.256,2.56,0.233,1.976,0.504,5.39,0.263
1.0466,0.531,2.6926,0.34,0.044,0.479,0.155,0.515,5.7,0.257,2.55,0.234,1.972,0.506,5.39,0.264
1.0415,0.533,2.6881,0.342,0.044,0.481,0.155,0.517,5.7,0.258,2.53,0.235,1.958,0.508,5.39,0.265
1.0391,0.535,2.6873,0.343,0.043,0.483,0.155,0.519,5.7,0.259,2.52,0.236,1.952,0.511,5.33,0.266
1.0354,0.537,2.6747,0.345,0.043,0.485,0.155,0.521,5.7,0.26,2.51,0.237,1.924,0.513,5.33,0.267
1.0298,0.540,2.6717,0.346,0.043,0.487,0.154,0.524,5.6,0.261,2.51,0.238,1.921,0.515,5.31,0.268
1.0286,0.542,2.6685,0.347,0.042,0.489,0.153,0.526,5.6,0.262,2.51,0.239,1.903,0.517,5.31,0.269
1.0284,0.544,2.6677,0.349,0.042,0.491,0.153,0.528,5.6,0.263,2.51,0.24,1.893,0.519,5.3,0.271
1.0256,0.546,2.6572,0.35,0.042,0.493,0.152,0.53,5.6,0.264,2.49,0.241,1.891,0.521,5.3,0.272
1.0232,0.548,2.6564,0.352,0.041,0.495,0.152,0.532,5.5,0.265,2.48,0.242,1.882,0.523,5.28,0.273
1.0206,0.551,2.6425,0.353,0.041,0.497,0.151,0.534,5.5,0.266,2.47,0.243,1.879,0.525,5.25,0.274
1.019,0.553,2.6366,0.355,0.041,0.499,0.15,0.536,5.5,0.267,2.47,0.244,1.872,0.527,5.24,0.275
1.0172,0.555,2.6347,0.356,0.041,0.501,0.149,0.538,5.5,0.268,2.47,0.245,1.859,0.529,5.22,0.276
1.0153,0.557,2.631,0.357,0.04,0.503,0.147,0.541,5.4,0.269,2.45,0.246,1.838,0.532,5.21,0.277
1.0127,0.559,2.6283,0.359,0.039,0.505,0.147,0.543,5.4,0.271,2.44,0.247,1.831,0.534,5.18,0.278
1.0103,0.562,2.6283,0.36,0.039,0.507,0.147,0.545,5.4,0.272,2.43,0.248,1.783,0.536,5.17,0.279
1.0094,0.564,2.628,0.362,0.038,0.509,0.147,0.547,5.4,0.273,2.42,0.249,1.778,0.538,5.12,0.28
0.9998,0.566,2.6253,0.363,0.038,0.511,0.147,0.549,5.4,0.274,2.41,0.25,1.776,0.54,5.12,0.281
0.997,0.568,2.6251,0.364,0.037,0.513,0.146,0.551,5.4,0.275,2.39,0.251,1.767,0.542,5.12,0.283
0.9957,0.570,2.6248,0.366,0.036,0.515,0.146,0.553,5.3,0.276,2.39,0.252,1.765,0.544,5.12,0.284
0.9952,0.573,2.6063,0.367,0.036,0.517,0.146,0.556,5.3,0.277,2.39,0.253,1.763,0.546,5.11,0.285
0.9947,0.575,2.6052,0.369,0.036,0.519,0.146,0.558,5.3,0.278,2.38,0.254,1.755,0.548,5.11,0.286
0.9821,0.577,2.6004,0.37,0.036,0.521,0.145,0.56,5.3,0.279,2.38,0.255,1.701,0.55,5.1,0.287
0.9737,0.579,2.5993,0.371,0.035,0.523,0.144,0.562,5.3,0.28,2.37,0.256,1.701,0.553,5.1,0.288
0.9734,0.581,2.5971,0.373,0.035,0.525,0.144,0.564,5.3,0.281,2.36,0.257,1.698,0.555,5.08,0.289
0.9685,0.584,2.5872,0.374,0.035,0.527,0.144,0.566,5.2,0.282,2.36,0.258,1.69,0.557,5.08,0.29
0.9643,0.586,2.5776,0.376,0.035,0.529,0.143,0.568,5.2,0.283,2.34,0.259,1.687,0.559,5.04,0.291
0.9627,0.588,2.5711,0.377,0.034,0.531,0.143,0.571,5.2,0.284,2.33,0.26,1.679,0.561,5.03,0.292
0.9561,0.590,2.5679,0.379,0.034,0.533,0.142,0.573,5.2,0.285,2.33,0.261,1.672,0.563,5,0.294
0.9541,0.593,2.5666,0.38,0.034,0.535,0.141,0.575,5.1,0.286,2.33,0.262,1.651,0.565,5,0.295
0.9482,0.595,2.5655,0.381,0.033,0.537,0.141,0.577,5.1,0.288,2.32,0.263,1.647,0.567,4.99,0.296
0.9472,0.597,2.5601,0.383,0.032,0.539,0.141,0.579,5.1,0.289,2.32,0.264,1.642,0.569,4.93,0.297
0.9407,0.599,2.5515,0.384,0.032,0.541,0.141,0.581,5.1,0.29,2.3,0.265,1.628,0.571,4.93,0.298
0.9375,0.601,2.5478,0.386,0.032,0.543,0.139,0.583,5.1,0.291,2.29,0.266,1.627,0.574,4.89,0.299
0.9318,0.604,2.5448,0.387,0.032,0.545,0.139,0.585,5.1,0.292,2.27,0.267,1.624,0.576,4.88,0.3
0.9194,0.606,2.5328,0.388,0.032,0.547,0.139,0.588,5.1,0.293,2.26,0.268,1.615,0.578,4.87,0.301
0.9183,0.608,2.5314,0.39,0.031,0.549,0.138,0.59,5.1,0.294,2.25,0.268,1.604,0.58,4.86,0.302
0.9159,0.610,2.5223,0.391,0.031,0.551,0.138,0.592,5,0.295,2.25,0.269,1.601,0.582,4.85,0.303
0.9138,0.612,2.5223,0.393,0.031,0.553,0.138,0.594,5,0.296,2.22,0.27,1.599,0.584,4.85,0.304
0.9136,0.615,2.5212,0.394,0.031,0.555,0.136,0.596,5,0.297,2.2,0.271,1.591,0.586,4.83,0.306
0.9077,0.617,2.5196,0.395,0.03,0.557,0.136,0.598,4.9,0.298,2.19,0.272,1.591,0.588,4.82,0.307
0.9073,0.619,2.5148,0.397,0.03,0.559,0.135,0.6,4.9,0.299,2.18,0.273,1.585,0.59,4.81,0.308
0.901,0.621,2.5145,0.398,0.029,0.561,0.134,0.603,4.9,0.3,2.18,0.274,1.567,0.592,4.75,0.309
0.8994,0.623,2.5099,0.4,0.029,0.563,0.134,0.605,4.9,0.301,2.18,0.275,1.566,0.595,4.72,0.31
0.8987,0.626,2.5081,0.401,0.028,0.565,0.133,0.607,4.9,0.302,2.17,0.276,1.559,0.597,4.7,0.311
0.8987,0.628,2.5065,0.403,0.028,0.567,0.133,0.609,4.9,0.304,2.17,0.277,1.551,0.599,4.69,0.312
0.8956,0.630,2.4979,0.404,0.028,0.569,0.131,0.611,4.8,0.305,2.14,0.278,1.545,0.601,4.68,0.313
0.8944,0.632,2.492,0.405,0.028,0.571,0.131,0.613,4.8,0.306,2.14,0.279,1.526,0.603,4.67,0.314
0.8935,0.634,2.4788,0.407,0.028,0.573,0.131,0.615,4.8,0.307,2.12,0.28,1.526,0.605,4.63,0.315
0.8848,0.637,2.4756,0.408,0.026,0.575,0.13,0.618,4.8,0.308,2.12,0.281,1.526,0.607,4.62,0.317
0.8844,0.639,2.4753,0.41,0.026,0.577,0.128,0.62,4.8,0.309,2.12,0.282,1.519,0.609,4.59,0.318
0.8842,0.641,2.4751,0.411,0.025,0.579,0.128,0.622,4.7,0.31,2.11,0.283,1.509,0.611,4.59,0.319
0.8841,0.643,2.4686,0.412,0.024,0.581,0.125,0.624,4.7,0.311,2.1,0.284,1.492,0.613,4.57,0.32
0.8739,0.645,2.4673,0.414,0.024,0.583,0.125,0.626,4.7,0.312,2.1,0.285,1.492,0.616,4.55,0.321
0.8736,0.648,2.4627,0.415,0.024,0.584,0.125,0.628,4.7,0.313,2.09,0.286,1.478,0.618,4.52,0.322
0.8716,0.650,2.4617,0.417,0.024,0.586,0.124,0.63,4.7,0.314,2.08,0.287,1.474,0.62,4.52,0.323
0.8652,0.652,2.4598,0.418,0.023,0.588,0.123,0.632,4.7,0.315,2.07,0.288,1.471,0.622,4.52,0.324
0.858,0.654,2.4539,0.419,0.023,0.59,0.123,0.635,4.7,0.316,2.06,0.289,1.461,0.624,4.52,0.325
0.8538,0.656,2.4525,0.421,0.022,0.592,0.122,0.637,4.7,0.317,2.03,0.29,1.454,0.626,4.51,0.326
0.8475,0.659,2.452,0.422,0.022,0.594,0.121,0.639,4.7,0.318,2.03,0.291,1.448,0.628,4.48,0.327
0.8463,0.661,2.4469,0.424,0.022,0.596,0.121,0.641,4.7,0.319,2.03,0.292,1.444,0.63,4.47,0.329
0.8461,0.663,2.4469,0.425,0.022,0.598,0.12,0.643,4.6,0.321,2.02,0.293,1.439,0.632,4.36,0.33
0.8446,0.665,2.4335,0.427,0.022,0.6,0.12,0.645,4.6,0.322,2.02,0.294,1.436,0.634,4.36,0.331
0.8437,0.667,2.4311,0.428,0.022,0.602,0.12,0.647,4.6,0.323,2.01,0.295,1.419,0.637,4.34,0.332
0.8358,0.670,2.4303,0.429,0.022,0.604,0.119,0.65,4.6,0.324,2.01,0.296,1.418,0.639,4.33,0.333
0.8337,0.672,2.4303,0.431,0.021,0.606,0.119,0.652,4.6,0.325,1.99,0.297,1.415,0.641,4.26,0.334
0.8215,0.674,2.4289,0.432,0.021,0.608,0.118,0.654,4.6,0.326,1.99,0.298,1.41,0.643,4.22,0.335
0.8047,0.676,2.4284,0.434,0.021,0.61,0.118,0.656,4.5,0.327,1.99,0.299,1.405,0.645,4.21,0.336
0.801,0.678,2.4233,0.435,0.021,0.612,0.118,0.658,4.5,0.328,1.98,0.3,1.397,0.647,4.21,0.337
0.7979,0.681,2.4219,0.436,0.021,0.614,0.118,0.66,4.5,0.329,1.97,0.301,1.392,0.649,4.2,0.338
0.7979,0.683,2.4126,0.438,0.02,0.616,0.117,0.662,4.5,0.33,1.97,0.302,1.387,0.651,4.19,0.34
0.7974,0.685,2.4109,0.439,0.02,0.618,0.116,0.665,4.5,0.331,1.96,0.303,1.37,0.653,4.19,0.341
0.7886,0.687,2.4064,0.441,0.019,0.62,0.116,0.667,4.5,0.332,1.96,0.304,1.37,0.655,4.19,0.342
0.7853,0.689,2.3967,0.442,0.019,0.622,0.115,0.669,4.5,0.333,1.95,0.304,1.369,0.658,4.18,0.343
0.7749,0.692,2.3836,0.444,0.019,0.624,0.115,0.671,4.5,0.334,1.95,0.305,1.361,0.66,4.17,0.344
0.7741,0.694,2.3817,0.445,0.019,0.626,0.113,0.673,4.4,0.335,1.94,0.306,1.349,0.662,4.16,0.345
0.7706,0.696,2.3801,0.446,0.017,0.628,0.113,0.675,4.4,0.337,1.94,0.307,1.339,0.664,4.16,0.346
0.7696,0.698,2.3777,0.448,0.017,0.63,0.113,0.677,4.4,0.338,1.93,0.308,1.315,0.666,4.11,0.347
0.7684,0.700,2.3758,0.449,0.017,0.632,0.113,0.679,4.4,0.339,1.93,0.309,1.309,0.668,4.11,0.348
0.7677,0.703,2.3726,0.451,0.017,0.634,0.113,0.682,4.4,0.34,1.93,0.31,1.291,0.67,4.09,0.349
0.7671,0.705,2.371,0.452,0.016,0.636,0.111,0.684,4.4,0.341,1.93,0.311,1.266,0.672,4.08,0.35
0.7664,0.707,2.3696,0.453,0.015,0.638,0.11,0.686,4.4,0.342,1.91,0.312,1.257,0.674,4.05,0.352
0.7631,0.709,2.3694,0.455,0.015,0.64,0.11,0.688,4.3,0.343,1.9,0.313,1.245,0.676,4.04,0.353
0.7607,0.711,2.3683,0.456,0.015,0.642,0.109,0.69,4.3,0.344,1.89,0.314,1.238,0.679,4.03,0.354
0.7596,0.714,2.3675,0.458,0.015,0.644,0.109,0.692,4.3,0.345,1.89,0.315,1.222,0.681,4.01,0.355
0.7587,0.716,2.3503,0.459,0.015,0.646,0.108,0.694,4.3,0.346,1.88,0.316,1.208,0.683,4.01,0.356
0.754,0.718,2.3455,0.46,0.015,0.648,0.108,0.697,4.3,0.347,1.87,0.317,1.207,0.685,4,0.357
0.7514,0.720,2.3382,0.462,0.014,0.65,0.107,0.699,4.3,0.348,1.87,0.318,1.189,0.687,3.94,0.358
0.75,0.722,2.3342,0.463,0.014,0.652,0.107,0.701,4.3,0.349,1.87,0.319,1.172,0.689,3.93,0.359
0.7472,0.725,2.3221,0.465,0.014,0.654,0.107,0.703,4.3,0.35,1.86,0.32,1.172,0.691,3.92,0.36
0.747,0.727,2.3213,0.466,0.014,0.656,0.106,0.705,4.3,0.351,1.86,0.321,1.172,0.693,3.9,0.361
0.7247,0.729,2.317,0.468,0.014,0.658,0.106,0.707,4.3,0.353,1.86,0.322,1.166,0.695,3.9,0.363
0.7212,0.731,2.3082,0.469,0.014,0.66,0.104,0.709,4.2,0.354,1.86,0.323,1.162,0.697,3.9,0.364
0.7187,0.733,2.3068,0.47,0.014,0.662,0.103,0.712,4.2,0.355,1.85,0.324,1.153,0.7,3.89,0.365
0.7163,0.736,2.2988,0.472,0.013,0.664,0.103,0.714,4.2,0.356,1.85,0.325,1.15,0.702,3.88,0.366
0.7107,0.738,2.2921,0.473,0.013,0.666,0.103,0.716,4.2,0.357,1.84,0.326,1.13,0.704,3.87,0.367
0.7105,0.740,2.2894,0.475,0.013,0.668,0.102,0.718,4.2,0.358,1.84,0.327,1.12,0.706,3.86,0.368
0.7105,0.742,2.2854,0.476,0.013,0.67,0.101,0.72,4.2,0.359,1.83,0.328,1.117,0.708,3.85,0.369
0.7063,0.744,2.2797,0.477,0.012,0.672,0.101,0.722,4.1,0.36,1.83,0.329,1.114,0.71,3.84,0.37
0.7026,0.747,2.2787,0.479,0.012,0.674,0.1,0.724,4.1,0.361,1.82,0.33,1.089,0.712,3.84,0.371
0.7023,0.749,2.2717,0.48,0.012,0.676,0.1,0.726,4.1,0.362,1.82,0.331,1.086,0.714,3.82,0.372
0.6984,0.751,2.2677,0.482,0.012,0.678,0.099,0.729,4.1,0.363,1.82,0.332,1.081,0.716,3.81,0.373
0.69,0.753,2.2636,0.483,0.011,0.68,0.099,0.731,4.1,0.364,1.81,0.333,1.072,0.718,3.81,0.375
0.688,0.756,2.2628,0.484,0.011,0.682,0.099,0.733,4.1,0.365,1.79,0.334,1.062,0.721,3.79,0.376
0.6878,0.758,2.2599,0.486,0.011,0.684,0.099,0.735,4.1,0.366,1.79,0.335,1.047,0.723,3.79,0.377
0.6859,0.760,2.2551,0.487,0.011,0.686,0.098,0.737,4.1,0.367,1.79,0.336,1.041,0.725,3.78,0.378
0.682,0.762,2.2537,0.489,0.011,0.688,0.097,0.739,4.1,0.368,1.79,0.337,1.037,0.727,3.78,0.379
0.681,0.764,2.2524,0.49,0.01,0.69,0.097,0.741,4,0.37,1.78,0.338,1.013,0.729,3.77,0.38
0.6754,0.767,2.2489,0.492,0.01,0.692,0.096,0.744,4,0.371,1.77,0.339,1.005,0.731,3.77,0.381
0.6734,0.769,2.2476,0.493,0.01,0.694,0.096,0.746,4,0.372,1.77,0.339,1.001,0.733,3.76,0.382
0.6701,0.771,2.2465,0.494,0.01,0.696,0.096,0.748,4,0.373,1.77,0.34,0.997,0.735,3.76,0.383
0.6665,0.773,2.2425,0.496,0.009,0.698,0.095,0.75,4,0.374,1.76,0.341,0.996,0.737,3.76,0.384
0.6658,0.775,2.2416,0.497,0.009,0.7,0.095,0.752,4,0.375,1.76,0.342,0.993,0.739,3.75,0.386
0.6656,0.778,2.2414,0.499,0.009,0.702,0.094,0.754,4,0.376,1.76,0.343,0.978,0.742,3.75,0.387
0.6645,0.780,2.239,0.5,0.009,0.704,0.093,0.756,4,0.377,1.74,0.344,0.968,0.744,3.71,0.388
0.6644,0.782,2.2376,0.501,0.008,0.706,0.093,0.759,4,0.378,1.74,0.345,0.954,0.746,3.68,0.389
0.66,0.784,2.2371,0.503,0.008,0.708,0.092,0.761,4,0.379,1.73,0.346,0.95,0.748,3.67,0.39
0.6579,0.786,2.2306,0.504,0.008,0.71,0.092,0.763,4,0.38,1.73,0.347,0.939,0.75,3.65,0.391
0.6546,0.789,2.2205,0.506,0.008,0.712,0.09,0.765,4,0.381,1.72,0.348,0.937,0.752,3.63,0.392
0.6542,0.791,2.2183,0.507,0.008,0.714,0.09,0.767,4,0.382,1.71,0.349,0.937,0.754,3.63,0.393
0.6532,0.793,2.2171,0.508,0.007,0.716,0.09,0.769,4,0.383,1.71,0.35,0.904,0.756,3.62,0.394
0.6509,0.795,2.2157,0.51,0.007,0.718,0.089,0.771,4,0.384,1.71,0.351,0.902,0.758,3.61,0.395
0.6491,0.797,2.2146,0.511,0.007,0.72,0.089,0.774,3.9,0.386,1.71,0.352,0.87,0.761,3.6,0.396
0.6479,0.800,2.2143,0.513,0.007,0.722,0.089,0.776,3.9,0.387,1.69,0.353,0.867,0.763,3.57,0.398
0.6478,0.802,2.2086,0.514,0.007,0.724,0.087,0.778,3.9,0.388,1.69,0.354,0.864,0.765,3.54,0.399
0.6465,0.804,2.2073,0.516,0.007,0.726,0.087,0.78,3.9,0.389,1.69,0.355,0.863,0.767,3.53,0.4
0.6453,0.806,2.2073,0.517,0.007,0.728,0.086,0.782,3.9,0.39,1.68,0.356,0.863,0.769,3.53,0.401
0.6395,0.808,2.2041,0.518,0.007,0.73,0.086,0.784,3.9,0.391,1.68,0.357,0.859,0.771,3.52,0.402
0.6367,0.811,2.203,0.52,0.006,0.732,0.085,0.786,3.9,0.392,1.68,0.358,0.858,0.773,3.52,0.403
0.6317,0.813,2.2011,0.521,0.006,0.734,0.084,0.788,3.9,0.393,1.67,0.359,0.854,0.775,3.52,0.404
0.6285,0.815,2.1995,0.523,0.006,0.736,0.084,0.791,3.8,0.394,1.67,0.36,0.852,0.777,3.52,0.405
0.6275,0.817,2.1987,0.524,0.006,0.738,0.082,0.793,3.8,0.395,1.67,0.361,0.844,0.779,3.51,0.406
0.6247,0.819,2.1947,0.525,0.006,0.74,0.082,0.795,3.8,0.396,1.66,0.362,0.839,0.782,3.5,0.407
0.624,0.822,2.1901,0.527,0.006,0.742,0.082,0.797,3.8,0.397,1.65,0.363,0.837,0.784,3.49,0.409
0.6222,0.824,2.1899,0.528,0.005,0.744,0.082,0.799,3.8,0.398,1.65,0.364,0.83,0.786,3.49,0.41
0.6201,0.826,2.188,0.53,0.005,0.746,0.082,0.801,3.8,0.399,1.64,0.365,0.822,0.788,3.48,0.411
0.6194,0.828,2.1861,0.531,0.005,0.748,0.08,0.803,3.8,0.4,1.64,0.366,0.82,0.79,3.45,0.412
0.61,0.830,2.1856,0.532,0.005,0.75,0.078,0.806,3.8,0.401,1.64,0.367,0.803,0.792,3.43,0.413
0.6086,0.833,2.1853,0.534,0.005,0.751,0.078,0.808,3.7,0.403,1.64,0.368,0.802,0.794,3.39,0.414
0.6021,0.835,2.185,0.535,0.005,0.753,0.077,0.81,3.7,0.404,1.63,0.369,0.796,0.796,3.37,0.415
0.5946,0.837,2.1802,0.537,0.005,0.755,0.077,0.812,3.7,0.405,1.63,0.37,0.794,0.798,3.37,0.416
0.588,0.839,2.1789,0.538,0.004,0.757,0.076,0.814,3.7,0.406,1.63,0.371,0.786,0.8,3.37,0.417
0.5834,0.841,2.1751,0.54,0.004,0.759,0.076,0.816,3.7,0.407,1.63,0.372,0.785,0.803,3.35,0.418
0.5833,0.844,2.1735,0.541,0.004,0.761,0.076,0.818,3.7,0.408,1.63,0.373,0.778,0.805,3.34,0.419
0.5792,0.846,2.1705,0.542,0.004,0.763,0.076,0.821,3.7,0.409,1.63,0.374,0.777,0.807,3.33,0.421
0.5726,0.848,2.1689,0.544,0.004,0.765,0.075,0.823,3.7,0.41,1.61,0.375,0.765,0.809,3.33,0.422
0.5721,0.850,2.1673,0.545,0.004,0.767,0.075,0.825,3.7,0.411,1.61,0.375,0.764,0.811,3.33,0.423
0.5637,0.852,2.166,0.547,0.004,0.769,0.075,0.827,3.7,0.412,1.6,0.376,0.759,0.813,3.32,0.424
0.5602,0.855,2.1657,0.548,0.004,0.771,0.075,0.829,3.7,0.413,1.6,0.377,0.756,0.815,3.32,0.425
0.5588,0.857,2.1512,0.549,0.004,0.773,0.074,0.831,3.7,0.414,1.6,0.378,0.751,0.817,3.27,0.426
0.5579,0.859,2.148,0.551,0.003,0.775,0.074,0.833,3.6,0.415,1.6,0.379,0.75,0.819,3.26,0.427
0.5516,0.861,2.1469,0.552,0.003,0.777,0.073,0.835,3.6,0.416,1.6,0.38,0.75,0.821,3.26,0.428
0.5179,0.863,2.1467,0.554,0.003,0.779,0.072,0.838,3.6,0.417,1.59,0.381,0.748,0.824,3.26,0.429
0.5156,0.866,2.1464,0.555,0.003,0.781,0.072,0.84,3.6,0.419,1.59,0.382,0.744,0.826,3.24,0.43
0.5111,0.868,2.1443,0.556,0.003,0.783,0.072,0.842,3.6,0.42,1.59,0.383,0.742,0.828,3.21,0.432
0.5053,0.870,2.1426,0.558,0.002,0.785,0.07,0.844,3.6,0.421,1.58,0.384,0.742,0.83,3.21,0.433
0.5023,0.872,2.1421,0.559,0.002,0.787,0.07,0.846,3.6,0.422,1.58,0.385,0.742,0.832,3.19,0.434
0.4992,0.874,2.141,0.561,0.002,0.789,0.07,0.848,3.6,0.423,1.58,0.386,0.739,0.834,3.18,0.435
0.4983,0.877,2.133,0.562,0.002,0.791,0.07,0.85,3.6,0.424,1.58,0.387,0.738,0.836,3.16,0.436
0.4889,0.879,2.1225,0.564,0.002,0.793,0.069,0.853,3.6,0.425,1.57,0.388,0.735,0.838,3.16,0.437
0.4811,0.881,2.1217,0.565,0.002,0.795,0.069,0.855,3.6,0.426,1.56,0.389,0.734,0.84,3.15,0.438
0.4803,0.883,2.1131,0.566,0.002,0.797,0.068,0.857,3.6,0.427,1.56,0.39,0.727,0.842,3.15,0.439
0.4767,0.885,2.1131,0.568,0.002,0.799,0.068,0.859,3.6,0.428,1.56,0.391,0.725,0.845,3.15,0.44
0.4737,0.888,2.1075,0.569,0.002,0.801,0.067,0.861,3.6,0.429,1.56,0.392,0.722,0.847,3.14,0.441
0.4726,0.890,2.1048,0.571,0.001,0.803,0.066,0.863,3.5,0.43,1.55,0.393,0.722,0.849,3.14,0.442
0.4724,0.892,2.1013,0.572,0.001,0.805,0.066,0.865,3.5,0.431,1.55,0.394,0.717,0.851,3.14,0.444
0.4527,0.894,2.1005,0.573,0.001,0.807,0.066,0.868,3.5,0.432,1.55,0.395,0.712,0.853,3.13,0.445
0.4398,0.896,2.097,0.575,0.001,0.809,0.065,0.87,3.5,0.433,1.54,0.396,0.711,0.855,3.13,0.446
0.4391,0.899,2.097,0.576,0.001,0.811,0.065,0.872,3.5,0.435,1.54,0.397,0.71,0.857,3.11,0.447
0.4352,0.901,2.0927,0.578,0.001,0.813,0.065,0.874,3.5,0.436,1.54,0.398,0.709,0.859,3.09,0.448
0.4343,0.903,2.0914,0.579,0.001,0.815,0.065,0.876,3.5,0.437,1.54,0.399,0.708,0.861,3.08,0.449
0.4253,0.905,2.0911,0.581,0.001,0.817,0.064,0.878,3.5,0.438,1.53,0.4,0.703,0.863,3.07,0.45
0.4225,0.907,2.0882,0.582,0.001,0.819,0.064,0.88,3.5,0.439,1.53,0.401,0.696,0.866,3.05,0.451
0.419,0.910,2.0874,0.583,0.001,0.821,0.064,0.882,3.5,0.44,1.52,0.402,0.694,0.868,3.04,0.452
0.413,0.912,2.0834,0.585,0.001,0.823,0.063,0.885,3.5,0.441,1.52,0.403,0.692,0.87,3.04,0.453
0.4099,0.914,2.0831,0.586,0.001,0.825,0.062,0.887,3.5,0.442,1.52,0.404,0.689,0.872,3.03,0.455
0.4081,0.916,2.0769,0.588,0.001,0.827,0.062,0.889,3.5,0.443,1.52,0.405,0.686,0.874,3.02,0.456
0.4058,0.919,2.0766,0.589,0.001,0.829,0.06,0.891,3.4,0.444,1.51,0.406,0.686,0.876,3.01,0.457
0.4029,0.921,2.075,0.59,0.001,0.831,0.06,0.893,3.4,0.445,1.51,0.407,0.683,0.878,2.99,0.458
0.3852,0.923,2.0737,0.592,0,0.833,0.059,0.895,3.4,0.446,1.5,0.408,0.682,0.88,2.98,0.459
0.3718,0.925,2.0702,0.593,0,0.835,0.059,0.897,3.4,0.447,1.5,0.409,0.68,0.882,2.97,0.46
0.3714,0.927,2.0675,0.595,0,0.837,0.058,0.9,3.4,0.448,1.5,0.41,0.678,0.884,2.96,0.461
0.3714,0.930,2.064,0.596,0,0.839,0.058,0.902,3.4,0.449,1.49,0.411,0.673,0.887,2.92,0.462
0.3536,0.932,2.056,0.597,0,0.841,0.056,0.904,3.4,0.45,1.49,0.411,0.67,0.889,2.92,0.463
0.351,0.934,2.0533,0.599,0,0.843,0.056,0.906,3.4,0.452,1.49,0.412,0.668,0.891,2.91,0.464
0.3134,0.936,2.0495,0.6,0,0.845,0.05,0.908,3.4,0.453,1.49,0.413,0.668,0.893,2.91,0.465
0.3134,0.938,2.0493,0.602,0,0.847,0.05,0.91,3.4,0.454,1.48,0.414,0.667,0.895,2.91,0.467
0.306,0.941,2.0426,0.603,0,0.849,0.045,0.912,3.4,0.455,1.47,0.415,0.665,0.897,2.91,0.468
0.3053,0.943,2.0359,0.605,0,0.851,0.044,0.915,3.4,0.456,1.47,0.416,0.665,0.899,2.91,0.469
0.3043,0.945,2.0351,0.606,0,0.853,0.044,0.917,3.4,0.457,1.47,0.417,0.664,0.901,2.89,0.47
0.298,0.947,2.0343,0.607,0,0.855,0.044,0.919,3.4,0.458,1.47,0.418,0.664,0.903,2.87,0.471
0.279,0.949,2.0329,0.609,0,0.857,0.043,0.921,3.4,0.459,1.46,0.419,0.66,0.905,2.84,0.472
0.2742,0.952,2.031,0.61,0,0.859,0.043,0.923,3.4,0.46,1.46,0.42,0.657,0.908,2.82,0.473
0.2417,0.954,2.0308,0.612,0,0.861,0.039,0.925,3.4,0.461,1.46,0.421,0.651,0.91,2.82,0.474
0.2279,0.956,2.0302,0.613,0,0.863,0.036,0.927,3.4,0.462,1.46,0.422,0.649,0.912,2.81,0.475
0.2041,0.958,2.0289,0.614,0,0.865,0.035,0.929,3.3,0.463,1.45,0.423,0.646,0.914,2.81,0.476
0.1942,0.960,2.0267,0.616,0,0.867,0.035,0.932,3.3,0.464,1.45,0.424,0.646,0.916,2.79,0.478
0.1907,0.963,2.0265,0.617,0,0.869,0.034,0.934,3.3,0.465,1.45,0.425,0.645,0.918,2.78,0.479
0.1872,0.965,2.0233,0.619,0,0.871,0.032,0.936,3.3,0.466,1.45,0.426,0.63,0.92,2.78,0.48
0.1793,0.967,2.0203,0.62,0,0.873,0.031,0.938,3.3,0.468,1.44,0.427,0.626,0.922,2.76,0.481
0.1785,0.969,2.0198,0.621,0,0.875,0.031,0.94,3.3,0.469,1.44,0.428,0.624,0.924,2.76,0.482
0.1636,0.971,2.019,0.623,0,0.877,0.029,0.942,3.3,0.47,1.44,0.429,0.622,0.926,2.76,0.483
0.1512,0.974,2.0176,0.624,0,0.879,0.029,0.944,3.3,0.471,1.44,0.43,0.621,0.929,2.75,0.484
0.1468,0.976,2.0136,0.626,0,0.881,0.028,0.947,3.3,0.472,1.44,0.431,0.613,0.931,2.73,0.485
0.1447,0.978,2.0117,0.627,0,0.883,0.027,0.949,3.3,0.473,1.44,0.432,0.612,0.933,2.73,0.486
0.1327,0.980,2.0114,0.629,0,0.885,0.027,0.951,3.3,0.474,1.43,0.433,0.612,0.935,2.73,0.487
0.1306,0.982,2.0098,0.63,0,0.887,0.027,0.953,3.3,0.475,1.43,0.434,0.593,0.937,2.7,0.488
0.1262,0.985,2.0069,0.631,0,0.889,0.026,0.955,3.3,0.476,1.43,0.435,0.59,0.939,2.7,0.49
0.1239,0.987,2.0029,0.633,0,0.891,0.025,0.957,3.3,0.477,1.43,0.436,0.577,0.941,2.69,0.491
0.1106,0.989,2.0004,0.634,0,0.893,0.023,0.959,3.3,0.478,1.43,0.437,0.574,0.943,2.69,0.492
0.1094,0.991,1.9937,0.636,0,0.895,0.019,0.962,3.3,0.479,1.43,0.438,0.572,0.945,2.69,0.493
0.1038,0.993,1.9937,0.637,0,0.897,0.019,0.964,3.3,0.48,1.42,0.439,0.565,0.947,2.69,0.494
0.101,0.996,1.9916,0.638,0,0.899,0.015,0.966,3.3,0.481,1.42,0.44,0.563,0.95,2.68,0.495
0.0891,0.998,1.9913,0.64,0,0.901,0.014,0.968,3.3,0.482,1.42,0.441,0.562,0.952,2.68,0.496
,,1.9894,0.641,0,0.903,0.011,0.97,3.3,0.483,1.42,0.442,0.561,0.954,2.67,0.497
,,1.987,0.643,0,0.905,0.007,0.972,3.2,0.485,1.42,0.443,0.54,0.956,2.65,0.498
,,1.9868,0.644,0,0.907,0.007,0.974,3.2,0.486,1.42,0.444,0.536,0.958,2.63,0.499
,,1.9841,0.645,0,0.909,0.006,0.976,3.2,0.487,1.42,0.445,0.534,0.96,2.62,0.501
,,1.9827,0.647,0,0.911,0.003,0.979,3.2,0.488,1.41,0.446,0.526,0.962,2.62,0.502
,,1.9779,0.648,0,0.913,0.003,0.981,3.2,0.489,1.41,0.446,0.524,0.964,2.6,0.503
,,1.9779,0.65,0,0.915,0.002,0.983,3.2,0.49,1.41,0.447,0.516,0.966,2.56,0.504
,,1.9755,0.651,0,0.917,0.001,0.985,3.2,0.491,1.41,0.448,0.513,0.968,2.56,0.505
,,1.9744,0.653,0,0.918,0.001,0.987,3.2,0.492,1.41,0.449,0.51,0.971,2.56,0.506
,,1.9725,0.654,0,0.92,0,0.989,3.2,0.493,1.41,0.45,0.509,0.973,2.55,0.507
,,1.9704,0.655,0,0.922,0,0.991,3.2,0.494,1.4,0.451,0.508,0.975,2.55,0.508
,,1.9672,0.657,0,0.924,0,0.994,3.2,0.495,1.39,0.452,0.507,0.977,2.53,0.509
,,1.9645,0.658,0,0.926,0,0.996,3.2,0.496,1.39,0.453,0.504,0.979,2.52,0.51
,,1.9626,0.66,0,0.928,0,0.998,3.2,0.497,1.38,0.454,0.498,0.981,2.52,0.512
,,1.9618,0.661,0,0.93,,,3.2,0.498,1.38,0.455,0.489,0.983,2.52,0.513
,,1.961,0.662,0,0.932,,,3.2,0.499,1.37,0.456,0.481,0.985,2.51,0.514
,,1.9591,0.664,0,0.934,,,3.1,0.501,1.37,0.457,0.479,0.987,2.51,0.515
,,1.9554,0.665,0,0.936,,,3.1,0.502,1.36,0.458,0.476,0.989,2.49,0.516
,,1.9554,0.667,0,0.938,,,3.1,0.503,1.36,0.459,0.444,0.992,2.49,0.517
,,1.9524,0.668,0,0.94,,,3.1,0.504,1.36,0.46,0.434,0.994,2.48,0.518
,,1.9454,0.669,0,0.942,,,3.1,0.505,1.35,0.461,0.412,0.996,2.48,0.519
,,1.943,0.671,0,0.944,,,3.1,0.506,1.35,0.462,0.393,0.998,2.47,0.52
,,1.9425,0.672,0,0.946,,,3.1,0.507,1.35,0.463,,,2.46,0.521
,,1.9382,0.674,0,0.948,,,3.1,0.508,1.35,0.464,,,2.46,0.522
,,1.9379,0.675,0,0.95,,,3.1,0.509,1.34,0.465,,,2.46,0.524
,,1.9374,0.677,0,0.952,,,3.1,0.51,1.34,0.466,,,2.45,0.525
,,1.935,0.678,0,0.954,,,3.1,0.511,1.34,0.467,,,2.45,0.526
,,1.9312,0.679,0,0.956,,,3.1,0.512,1.34,0.468,,,2.45,0.527
,,1.9267,0.681,0,0.958,,,3.1,0.513,1.34,0.469,,,2.44,0.528
,,1.9256,0.682,0,0.96,,,3.1,0.514,1.33,0.47,,,2.44,0.529
,,1.9242,0.684,0,0.962,,,3.1,0.515,1.33,0.471,,,2.44,0.53
,,1.924,0.685,0,0.964,,,3.1,0.517,1.32,0.472,,,2.43,0.531
,,1.9237,0.686,0,0.966,,,3.1,0.518,1.32,0.473,,,2.43,0.532
,,1.917,0.688,0,0.968,,,3.1,0.519,1.32,0.474,,,2.43,0.533
,,1.917,0.689,0,0.97,,,3.1,0.52,1.32,0.475,,,2.43,0.535
,,1.9159,0.691,0,0.972,,,3.1,0.521,1.32,0.476,,,2.42,0.536
,,1.9135,0.692,0,0.974,,,3.1,0.522,1.32,0.477,,,2.42,0.537
,,1.9122,0.694,0,0.976,,,3.1,0.523,1.32,0.478,,,2.41,0.538
,,1.9098,0.695,0,0.978,,,3,0.524,1.32,0.479,,,2.41,0.539
,,1.9079,0.696,0,0.98,,,3,0.525,1.31,0.48,,,2.4,0.54
,,1.9063,0.698,0,0.982,,,3,0.526,1.31,0.481,,,2.39,0.541
,,1.898,0.699,0,0.984,,,3,0.527,1.31,0.482,,,2.39,0.542
,,1.8977,0.701,0,0.986,,,3,0.528,1.31,0.482,,,2.38,0.543
,,1.8891,0.702,0,0.988,,,3,0.529,1.3,0.483,,,2.38,0.544
,,1.8886,0.703,0,0.99,,,3,0.53,1.3,0.484,,,2.38,0.545
,,1.887,0.705,0,0.992,,,3,0.531,1.3,0.485,,,2.36,0.547
,,1.8867,0.706,0,0.994,,,3,0.532,1.3,0.486,,,2.36,0.548
,,1.8843,0.708,0,0.996,,,3,0.534,1.29,0.487,,,2.36,0.549
,,1.8843,0.709,0,0.998,,,3,0.535,1.29,0.488,,,2.35,0.55
,,1.8821,0.71,,,,,3,0.536,1.29,0.489,,,2.35,0.551
,,1.8811,0.712,,,,,3,0.537,1.29,0.49,,,2.34,0.552
,,1.8781,0.713,,,,,3,0.538,1.28,0.491,,,2.33,0.553
,,1.8752,0.715,,,,,3,0.539,1.28,0.492,,,2.32,0.554
,,1.8752,0.716,,,,,3,0.54,1.28,0.493,,,2.31,0.555
,,1.8746,0.718,,,,,3,0.541,1.28,0.494,,,2.3,0.556
,,1.8735,0.719,,,,,3,0.542,1.27,0.495,,,2.29,0.558
,,1.8717,0.72,,,,,3,0.543,1.27,0.496,,,2.29,0.559
,,1.8717,0.722,,,,,3,0.544,1.27,0.497,,,2.26,0.56
,,1.8682,0.723,,,,,3,0.545,1.27,0.498,,,2.25,0.561
,,1.8644,0.725,,,,,2.9,0.546,1.26,0.499,,,2.25,0.562
,,1.8617,0.726,,,,,2.9,0.547,1.26,0.5,,,2.24,0.563
,,1.8604,0.727,,,,,2.9,0.548,1.26,0.501,,,2.22,0.564
,,1.8596,0.729,,,,,2.9,0.55,1.25,0.502,,,2.22,0.565
,,1.8593,0.73,,,,,2.9,0.551,1.24,0.503,,,2.21,0.566
,,1.8561,0.732,,,,,2.9,0.552,1.24,0.504,,,2.19,0.567
,,1.847,0.733,,,,,2.9,0.553,1.24,0.505,,,2.19,0.568
,,1.8451,0.734,,,,,2.9,0.554,1.23,0.506,,,2.19,0.57
,,1.8408,0.736,,,,,2.9,0.555,1.23,0.507,,,2.18,0.571
,,1.8405,0.737,,,,,2.9,0.556,1.22,0.508,,,2.18,0.572
,,1.836,0.739,,,,,2.9,0.557,1.22,0.509,,,2.17,0.573
,,1.8352,0.74,,,,,2.9,0.558,1.22,0.51,,,2.14,0.574
,,1.8349,0.742,,,,,2.9,0.559,1.22,0.511,,,2.14,0.575
,,1.833,0.743,,,,,2.9,0.56,1.21,0.512,,,2.14,0.576
,,1.8236,0.744,,,,,2.9,0.561,1.21,0.513,,,2.12,0.577
,,1.8234,0.746,,,,,2.9,0.562,1.21,0.514,,,2.12,0.578
,,1.8156,0.747,,,,,2.9,0.563,1.21,0.515,,,2.11,0.579
,,1.8156,0.749,,,,,2.8,0.564,1.21,0.516,,,2.11,0.581
,,1.8153,0.75,,,,,2.8,0.565,1.2,0.517,,,2.1,0.582
,,1.8134,0.751,,,,,2.8,0.567,1.2,0.518,,,2.1,0.583
,,1.8134,0.753,,,,,2.8,0.568,1.2,0.518,,,2.1,0.584
,,1.81,0.754,,,,,2.8,0.569,1.2,0.519,,,2.1,0.585
,,1.8059,0.756,,,,,2.8,0.57,1.19,0.52,,,2.1,0.586
,,1.8011,0.757,,,,,2.8,0.571,1.18,0.521,,,2.09,0.587
,,1.799,0.758,,,,,2.8,0.572,1.18,0.522,,,2.05,0.588
,,1.7963,0.76,,,,,2.8,0.573,1.16,0.523,,,2.05,0.589
,,1.7925,0.761,,,,,2.8,0.574,1.16,0.524,,,2.05,0.59
,,1.7922,0.763,,,,,2.8,0.575,1.16,0.525,,,2.03,0.591
,,1.7901,0.764,,,,,2.8,0.576,1.16,0.526,,,2.03,0.593
,,1.7885,0.766,,,,,2.8,0.577,1.15,0.527,,,2.03,0.594
,,1.7874,0.767,,,,,2.8,0.578,1.15,0.528,,,2.02,0.595
,,1.7869,0.768,,,,,2.8,0.579,1.15,0.529,,,2.01,0.596
,,1.7853,0.77,,,,,2.8,0.58,1.15,0.53,,,2,0.597
,,1.7847,0.771,,,,,2.8,0.581,1.15,0.531,,,1.99,0.598
,,1.7839,0.773,,,,,2.8,0.583,1.15,0.532,,,1.99,0.599
,,1.7837,0.774,,,,,2.8,0.584,1.14,0.533,,,1.99,0.6
,,1.7821,0.775,,,,,2.8,0.585,1.14,0.534,,,1.98,0.601
,,1.7799,0.777,,,,,2.8,0.586,1.13,0.535,,,1.98,0.602
,,1.7799,0.778,,,,,2.8,0.587,1.13,0.536,,,1.98,0.604
,,1.7783,0.78,,,,,2.8,0.588,1.13,0.537,,,1.97,0.605
,,1.7783,0.781,,,,,2.8,0.589,1.13,0.538,,,1.97,0.606
,,1.7759,0.782,,,,,2.8,0.59,1.13,0.539,,,1.96,0.607
,,1.7692,0.784,,,,,2.7,0.591,1.12,0.54,,,1.95,0.608
,,1.7643,0.785,,,,,2.7,0.592,1.12,0.541,,,1.95,0.609
,,1.7643,0.787,,,,,2.7,0.593,1.11,0.542,,,1.94,0.61
,,1.763,0.788,,,,,2.7,0.594,1.11,0.543,,,1.93,0.611
,,1.7587,0.79,,,,,2.7,0.595,1.11,0.544,,,1.93,0.612
,,1.7547,0.791,,,,,2.7,0.596,1.1,0.545,,,1.92,0.613
,,1.7515,0.792,,,,,2.7,0.597,1.1,0.546,,,1.91,0.614
,,1.7421,0.794,,,,,2.7,0.599,1.1,0.547,,,1.9,0.616
,,1.7343,0.795,,,,,2.7,0.6,1.1,0.548,,,1.89,0.617
,,1.7343,0.797,,,,,2.7,0.601,1.09,0.549,,,1.88,0.618
,,1.7343,0.798,,,,,2.7,0.602,1.09,0.55,,,1.84,0.619
,,1.733,0.799,,,,,2.7,0.603,1.08,0.551,,,1.84,0.62
,,1.7292,0.801,,,,,2.7,0.604,1.08,0.552,,,1.84,0.621
,,1.7265,0.802,,,,,2.7,0.605,1.07,0.553,,,1.84,0.622
,,1.7265,0.804,,,,,2.7,0.606,1.07,0.554,,,1.84,0.623
,,1.7236,0.805,,,,,2.7,0.607,1.07,0.554,,,1.81,0.624
,,1.7222,0.806,,,,,2.7,0.608,1.06,0.555,,,1.8,0.625
,,1.7214,0.808,,,,,2.7,0.609,1.06,0.556,,,1.79,0.627
,,1.7211,0.809,,,,,2.7,0.61,1.05,0.557,,,1.78,0.628
,,1.7179,0.811,,,,,2.7,0.611,1.05,0.558,,,1.77,0.629
,,1.7166,0.812,,,,,2.7,0.612,1.05,0.559,,,1.75,0.63
,,1.7163,0.814,,,,,2.6,0.613,1.05,0.56,,,1.73,0.631
,,1.7152,0.815,,,,,2.6,0.614,1.05,0.561,,,1.73,0.632
,,1.715,0.816,,,,,2.6,0.616,1.04,0.562,,,1.72,0.633
,,1.7131,0.818,,,,,2.6,0.617,1.04,0.563,,,1.72,0.634
,,1.7101,0.819,,,,,2.6,0.618,1.04,0.564,,,1.72,0.635
,,1.7088,0.821,,,,,2.6,0.619,1.04,0.565,,,1.72,0.636
,,1.7056,0.822,,,,,2.6,0.62,1.04,0.566,,,1.71,0.637
,,1.7048,0.823,,,,,2.6,0.621,1.03,0.567,,,1.71,0.639
,,1.7034,0.825,,,,,2.6,0.622,1.03,0.568,,,1.71,0.64
,,1.6997,0.826,,,,,2.6,0.623,1.03,0.569,,,1.7,0.641
,,1.6973,0.828,,,,,2.6,0.624,1.02,0.57,,,1.69,0.642
,,1.6965,0.829,,,,,2.6,0.625,1.02,0.571,,,1.68,0.643
,,1.6959,0.831,,,,,2.6,0.626,1.02,0.572,,,1.68,0.644
,,1.6938,0.832,,,,,2.6,0.627,1.02,0.573,,,1.68,0.645
,,1.6906,0.833,,,,,2.6,0.628,1.02,0.574,,,1.66,0.646
,,1.6898,0.835,,,,,2.6,0.629,1.02,0.575,,,1.66,0.647
,,1.6887,0.836,,,,,2.6,0.63,1.02,0.576,,,1.66,0.648
,,1.6876,0.838,,,,,2.6,0.632,1.02,0.577,,,1.65,0.65
,,1.6865,0.839,,,,,2.6,0.633,1.01,0.578,,,1.64,0.651
,,1.686,0.84,,,,,2.6,0.634,1.01,0.579,,,1.63,0.652
,,1.6852,0.842,,,,,2.6,0.635,1.01,0.58,,,1.63,0.653
,,1.6844,0.843,,,,,2.6,0.636,1.01,0.581,,,1.62,0.654
,,1.6769,0.845,,,,,2.6,0.637,1,0.582,,,1.61,0.655
,,1.6766,0.846,,,,,2.6,0.638,1,0.583,,,1.61,0.656
,,1.675,0.847,,,,,2.6,0.639,1,0.584,,,1.61,0.657
,,1.6731,0.849,,,,,2.6,0.64,1,0.585,,,1.61,0.658
,,1.6715,0.85,,,,,2.6,0.641,0.99,0.586,,,1.61,0.659
,,1.6672,0.852,,,,,2.5,0.642,0.99,0.587,,,1.61,0.66
,,1.6669,0.853,,,,,2.5,0.643,0.99,0.588,,,1.61,0.662
,,1.6632,0.855,,,,,2.5,0.644,0.99,0.589,,,1.61,0.663
,,1.6629,0.856,,,,,2.5,0.645,0.99,0.589,,,1.6,0.664
,,1.6584,0.857,,,,,2.5,0.646,0.99,0.59,,,1.6,0.665
,,1.6578,0.859,,,,,2.5,0.647,0.99,0.591,,,1.6,0.666
,,1.6525,0.86,,,,,2.5,0.649,0.98,0.592,,,1.59,0.667
,,1.6509,0.862,,,,,2.5,0.65,0.98,0.593,,,1.59,0.668
,,1.6503,0.863,,,,,2.5,0.651,0.98,0.594,,,1.59,0.669
,,1.65,0.864,,,,,2.5,0.652,0.98,0.595,,,1.57,0.67
,,1.6455,0.866,,,,,2.5,0.653,0.98,0.596,,,1.57,0.671
,,1.642,0.867,,,,,2.5,0.654,0.98,0.597,,,1.56,0.673
,,1.6401,0.869,,,,,2.5,0.655,0.98,0.598,,,1.55,0.674
,,1.6385,0.87,,,,,2.5,0.656,0.97,0.599,,,1.55,0.675
,,1.6369,0.871,,,,,2.5,0.657,0.97,0.6,,,1.52,0.676
,,1.6356,0.873,,,,,2.5,0.658,0.97,0.601,,,1.52,0.677
,,1.631,0.874,,,,,2.5,0.659,0.97,0.602,,,1.52,0.678
,,1.6238,0.876,,,,,2.5,0.66,0.97,0.603,,,1.52,0.679
,,1.6152,0.877,,,,,2.5,0.661,0.96,0.604,,,1.51,0.68
,,1.6111,0.879,,,,,2.5,0.662,0.96,0.605,,,1.48,0.681
,,1.606,0.88,,,,,2.5,0.663,0.96,0.606,,,1.48,0.682
,,1.6042,0.881,,,,,2.5,0.665,0.96,0.607,,,1.48,0.683
,,1.6001,0.883,,,,,2.5,0.666,0.96,0.608,,,1.48,0.685
,,1.5953,0.884,,,,,2.5,0.667,0.96,0.609,,,1.48,0.686
,,1.5926,0.886,,,,,2.5,0.668,0.96,0.61,,,1.47,0.687
,,1.5878,0.887,,,,,2.5,0.669,0.96,0.611,,,1.47,0.688
,,1.587,0.888,,,,,2.5,0.67,0.96,0.612,,,1.45,0.689
,,1.5736,0.89,,,,,2.4,0.671,0.95,0.613,,,1.44,0.69
,,1.5653,0.891,,,,,2.4,0.672,0.95,0.614,,,1.44,0.691
,,1.5594,0.893,,,,,2.4,0.673,0.95,0.615,,,1.43,0.692
,,1.5516,0.894,,,,,2.4,0.674,0.95,0.616,,,1.43,0.693
,,1.5473,0.895,,,,,2.4,0.675,0.95,0.617,,,1.43,0.694
,,1.5406,0.897,,,,,2.4,0.676,0.94,0.618,,,1.42,0.696
,,1.5358,0.898,,,,,2.4,0.677,0.94,0.619,,,1.41,0.697
,,1.5317,0.9,,,,,2.4,0.678,0.94,0.62,,,1.4,0.698
,,1.5301,0.901,,,,,2.4,0.679,0.94,0.621,,,1.4,0.699
,,1.5274,0.903,,,,,2.4,0.681,0.94,0.622,,,1.39,0.7
,,1.5124,0.904,,,,,2.4,0.682,0.94,0.623,,,1.39,0.701
,,1.5094,0.905,,,,,2.4,0.683,0.94,0.624,,,1.38,0.702
,,1.4912,0.907,,,,,2.4,0.684,0.94,0.625,,,1.38,0.703
,,1.4647,0.908,,,,,2.4,0.685,0.94,0.625,,,1.38,0.704
,,1.4424,0.91,,,,,2.4,0.686,0.93,0.626,,,1.37,0.705
,,1.4274,0.911,,,,,2.4,0.687,0.93,0.627,,,1.36,0.706
,,1.4212,0.912,,,,,2.4,0.688,0.93,0.628,,,1.35,0.708
,,1.3957,0.914,,,,,2.4,0.689,0.92,0.629,,,1.34,0.709
,,1.3922,0.915,,,,,2.4,0.69,0.92,0.63,,,1.34,0.71
,,1.3711,0.917,,,,,2.4,0.691,0.92,0.631,,,1.34,0.711
,,1.3689,0.918,,,,,2.4,0.692,0.92,0.632,,,1.31,0.712
,,1.3442,0.919,,,,,2.4,0.693,0.92,0.633,,,1.31,0.713
,,1.3431,0.921,,,,,2.4,0.694,0.92,0.634,,,1.3,0.714
,,1.3257,0.922,,,,,2.4,0.695,0.91,0.635,,,1.29,0.715
,,1.3072,0.924,,,,,2.4,0.696,0.91,0.636,,,1.29,0.716
,,1.2932,0.925,,,,,2.4,0.698,0.91,0.637,,,1.29,0.717
,,1.283,0.927,,,,,2.4,0.699,0.91,0.638,,,1.28,0.719
,,1.2785,0.928,,,,,2.4,0.7,0.91,0.639,,,1.28,0.72
,,1.2642,0.929,,,,,2.4,0.701,0.9,0.64,,,1.26,0.721
,,1.2468,0.931,,,,,2.4,0.702,0.9,0.641,,,1.26,0.722
,,1.246,0.932,,,,,2.4,0.703,0.9,0.642,,,1.26,0.723
,,1.2433,0.934,,,,,2.4,0.704,0.9,0.643,,,1.23,0.724
,,1.2363,0.935,,,,,2.4,0.705,0.9,0.644,,,1.23,0.725
,,1.2363,0.936,,,,,2.4,0.706,0.9,0.645,,,1.22,0.726
,,1.2363,0.938,,,,,2.4,0.707,0.9,0.646,,,1.22,0.727
,,1.2363,0.939,,,,,2.4,0.708,0.9,0.647,,,1.21,0.728
,,1.2363,0.941,,,,,2.4,0.709,0.89,0.648,,,1.21,0.729
,,1.2363,0.942,,,,,2.4,0.71,0.89,0.649,,,1.21,0.731
,,1.2363,0.944,,,,,2.3,0.711,0.89,0.65,,,1.2,0.732
,,1.2363,0.945,,,,,2.3,0.712,0.89,0.651,,,1.19,0.733
,,1.2363,0.946,,,,,2.3,0.714,0.89,0.652,,,1.19,0.734
,,1.2363,0.948,,,,,2.3,0.715,0.89,0.653,,,1.19,0.735
,,1.2363,0.949,,,,,2.3,0.716,0.89,0.654,,,1.18,0.736
,,1.2363,0.951,,,,,2.3,0.717,0.88,0.655,,,1.18,0.737
,,1.2363,0.952,,,,,2.3,0.718,0.88,0.656,,,1.18,0.738
,,1.2363,0.953,,,,,2.3,0.719,0.88,0.657,,,1.17,0.739
,,1.2363,0.955,,,,,2.3,0.72,0.88,0.658,,,1.17,0.74
,,1.2363,0.956,,,,,2.3,0.721,0.88,0.659,,,1.17,0.742
,,1.2363,0.958,,,,,2.3,0.722,0.88,0.66,,,1.16,0.743
,,1.2363,0.959,,,,,2.3,0.723,0.88,0.661,,,1.16,0.744
,,1.2363,0.96,,,,,2.3,0.724,0.88,0.661,,,1.15,0.745
,,1.2363,0.962,,,,,2.3,0.725,0.88,0.662,,,1.14,0.746
,,1.2363,0.963,,,,,2.3,0.726,0.87,0.663,,,1.13,0.747
,,1.2363,0.965,,,,,2.3,0.727,0.87,0.664,,,1.12,0.748
,,1.2363,0.966,,,,,2.3,0.728,0.87,0.665,,,1.12,0.749
,,1.2363,0.968,,,,,2.3,0.729,0.87,0.666,,,1.1,0.75
,,1.2363,0.969,,,,,2.3,0.731,0.86,0.667,,,1.09,0.751
,,1.2363,0.97,,,,,2.3,0.732,0.86,0.668,,,1.09,0.752
,,1.2344,0.972,,,,,2.3,0.733,0.86,0.669,,,1.09,0.754
,,1.2111,0.973,,,,,2.3,0.734,0.86,0.67,,,1.08,0.755
,,1.2041,0.975,,,,,2.3,0.735,0.85,0.671,,,1.08,0.756
,,1.2023,0.976,,,,,2.3,0.736,0.85,0.672,,,1.08,0.757
,,1.2004,0.977,,,,,2.3,0.737,0.85,0.673,,,1.08,0.758
,,1.1958,0.979,,,,,2.3,0.738,0.85,0.674,,,1.07,0.759
,,1.1888,0.98,,,,,2.3,0.739,0.85,0.675,,,1.07,0.76
,,1.1856,0.982,,,,,2.3,0.74,0.85,0.676,,,1.06,0.761
,,1.1819,0.983,,,,,2.3,0.741,0.85,0.677,,,1.05,0.762
,,1.1811,0.984,,,,,2.3,0.742,0.85,0.678,,,1.05,0.763
,,1.1794,0.986,,,,,2.3,0.743,0.85,0.679,,,1.05,0.765
,,1.176,0.987,,,,,2.3,0.744,0.85,0.68,,,1.05,0.766
,,1.1744,0.989,,,,,2.2,0.745,0.85,0.681,,,1.04,0.767
,,1.1738,0.99,,,,,2.2,0.747,0.85,0.682,,,1.04,0.768
,,1.1714,0.992,,,,,2.2,0.748,0.85,0.683,,,1.04,0.769
,,1.1676,0.993,,,,,2.2,0.749,0.85,0.684,,,1.03,0.77
,,1.1604,0.994,,,,,2.2,0.75,0.85,0.685,,,1.02,0.771
,,1.1532,0.996,,,,,2.2,0.751,0.85,0.686,,,1.02,0.772
,,1.1521,0.997,,,,,2.2,0.752,0.84,0.687,,,1.02,0.773
,,1.1413,0.999,,,,,2.2,0.753,0.84,0.688,,,1.01,0.774
,,,,,,,,2.2,0.754,0.84,0.689,,,1.01,0.775
,,,,,,,,2.2,0.755,0.84,0.69,,,0.99,0.777
,,,,,,,,2.2,0.756,0.84,0.691,,,0.99,0.778
,,,,,,,,2.2,0.757,0.83,0.692,,,0.99,0.779
,,,,,,,,2.2,0.758,0.83,0.693,,,0.98,0.78
,,,,,,,,2.2,0.759,0.83,0.694,,,0.98,0.781
,,,,,,,,2.2,0.76,0.83,0.695,,,0.98,0.782
,,,,,,,,2.2,0.761,0.83,0.696,,,0.98,0.783
,,,,,,,,2.2,0.763,0.83,0.696,,,0.98,0.784
,,,,,,,,2.2,0.764,0.83,0.697,,,0.98,0.785
,,,,,,,,2.2,0.765,0.83,0.698,,,0.97,0.786
,,,,,,,,2.2,0.766,0.82,0.699,,,0.97,0.788
,,,,,,,,2.2,0.767,0.82,0.7,,,0.97,0.789
,,,,,,,,2.2,0.768,0.82,0.701,,,0.97,0.79
,,,,,,,,2.2,0.769,0.82,0.702,,,0.97,0.791
,,,,,,,,2.2,0.77,0.82,0.703,,,0.96,0.792
,,,,,,,,2.2,0.771,0.82,0.704,,,0.95,0.793
,,,,,,,,2.2,0.772,0.82,0.705,,,0.93,0.794
,,,,,,,,2.2,0.773,0.82,0.706,,,0.93,0.795
,,,,,,,,2.2,0.774,0.82,0.707,,,0.92,0.796
,,,,,,,,2.2,0.775,0.81,0.708,,,0.92,0.797
,,,,,,,,2.1,0.776,0.81,0.709,,,0.92,0.798
,,,,,,,,2.1,0.777,0.81,0.71,,,0.92,0.8
,,,,,,,,2.1,0.778,0.81,0.711,,,0.91,0.801
,,,,,,,,2.1,0.78,0.81,0.712,,,0.9,0.802
,,,,,,,,2.1,0.781,0.81,0.713,,,0.9,0.803
,,,,,,,,2.1,0.782,0.81,0.714,,,0.89,0.804
,,,,,,,,2.1,0.783,0.81,0.715,,,0.89,0.805
,,,,,,,,2.1,0.784,0.81,0.716,,,0.88,0.806
,,,,,,,,2.1,0.785,0.81,0.717,,,0.87,0.807
,,,,,,,,2.1,0.786,0.81,0.718,,,0.87,0.808
,,,,,,,,2.1,0.787,0.81,0.719,,,0.87,0.809
,,,,,,,,2.1,0.788,0.8,0.72,,,0.86,0.811
,,,,,,,,2.1,0.789,0.8,0.721,,,0.86,0.812
,,,,,,,,2.1,0.79,0.8,0.722,,,0.85,0.813
,,,,,,,,2.1,0.791,0.8,0.723,,,0.84,0.814
,,,,,,,,2.1,0.792,0.8,0.724,,,0.84,0.815
,,,,,,,,2.1,0.793,0.8,0.725,,,0.84,0.816
,,,,,,,,2.1,0.794,0.8,0.726,,,0.84,0.817
,,,,,,,,2.1,0.796,0.8,0.727,,,0.84,0.818
,,,,,,,,2.1,0.797,0.8,0.728,,,0.83,0.819
,,,,,,,,2.1,0.798,0.79,0.729,,,0.83,0.82
,,,,,,,,2.1,0.799,0.79,0.73,,,0.83,0.821
,,,,,,,,2.1,0.8,0.79,0.731,,,0.82,0.823
,,,,,,,,2.1,0.801,0.79,0.732,,,0.82,0.824
,,,,,,,,2.1,0.802,0.79,0.732,,,0.81,0.825
,,,,,,,,2.1,0.803,0.78,0.733,,,0.8,0.826
,,,,,,,,2.1,0.804,0.78,0.734,,,0.8,0.827
,,,,,,,,2.1,0.805,0.77,0.735,,,0.79,0.828
,,,,,,,,2.1,0.806,0.77,0.736,,,0.79,0.829
,,,,,,,,2.1,0.807,0.77,0.737,,,0.79,0.83
,,,,,,,,2,0.808,0.77,0.738,,,0.78,0.831
,,,,,,,,2,0.809,0.77,0.739,,,0.78,0.832
,,,,,,,,2,0.81,0.77,0.74,,,0.77,0.834
,,,,,,,,2,0.812,0.77,0.741,,,0.76,0.835
,,,,,,,,2,0.813,0.77,0.742,,,0.76,0.836
,,,,,,,,2,0.814,0.77,0.743,,,0.75,0.837
,,,,,,,,2,0.815,0.77,0.744,,,0.74,0.838
,,,,,,,,2,0.816,0.76,0.745,,,0.74,0.839
,,,,,,,,2,0.817,0.76,0.746,,,0.74,0.84
,,,,,,,,2,0.818,0.76,0.747,,,0.73,0.841
,,,,,,,,2,0.819,0.76,0.748,,,0.73,0.842
,,,,,,,,2,0.82,0.76,0.749,,,0.72,0.843
,,,,,,,,2,0.821,0.76,0.75,,,0.72,0.844
,,,,,,,,2,0.822,0.76,0.751,,,0.72,0.846
,,,,,,,,2,0.823,0.75,0.752,,,0.72,0.847
,,,,,,,,2,0.824,0.75,0.753,,,0.72,0.848
,,,,,,,,2,0.825,0.75,0.754,,,0.72,0.849
,,,,,,,,2,0.826,0.75,0.755,,,0.69,0.85
,,,,,,,,2,0.827,0.75,0.756,,,0.69,0.851
,,,,,,,,2,0.829,0.75,0.757,,,0.69,0.852
,,,,,,,,1.9,0.83,0.75,0.758,,,0.69,0.853
,,,,,,,,1.9,0.831,0.75,0.759,,,0.68,0.854
,,,,,,,,1.9,0.832,0.75,0.76,,,0.68,0.855
,,,,,,,,1.9,0.833,0.74,0.761,,,0.68,0.857
,,,,,,,,1.9,0.834,0.74,0.762,,,0.68,0.858
,,,,,,,,1.9,0.835,0.74,0.763,,,0.68,0.859
,,,,,,,,1.9,0.836,0.74,0.764,,,0.67,0.86
,,,,,,,,1.9,0.837,0.74,0.765,,,0.66,0.861
,,,,,,,,1.9,0.838,0.74,0.766,,,0.66,0.862
,,,,,,,,1.9,0.839,0.74,0.767,,,0.65,0.863
,,,,,,,,1.9,0.84,0.74,0.768,,,0.64,0.864
,,,,,,,,1.9,0.841,0.73,0.768,,,0.63,0.865
,,,,,,,,1.9,0.842,0.73,0.769,,,0.63,0.866
,,,,,,,,1.9,0.843,0.73,0.77,,,0.62,0.867
,,,,,,,,1.9,0.845,0.72,0.771,,,0.62,0.869
,,,,,,,,1.9,0.846,0.72,0.772,,,0.62,0.87
,,,,,,,,1.9,0.847,0.72,0.773,,,0.62,0.871
,,,,,,,,1.9,0.848,0.72,0.774,,,0.62,0.872
,,,,,,,,1.9,0.849,0.72,0.775,,,0.61,0.873
,,,,,,,,1.9,0.85,0.71,0.776,,,0.61,0.874
,,,,,,,,1.9,0.851,0.71,0.777,,,0.6,0.875
,,,,,,,,1.8,0.852,0.71,0.778,,,0.59,0.876
,,,,,,,,1.8,0.853,0.71,0.779,,,0.59,0.877
,,,,,,,,1.8,0.854,0.71,0.78,,,0.59,0.878
,,,,,,,,1.8,0.855,0.71,0.781,,,0.58,0.88
,,,,,,,,1.8,0.856,0.71,0.782,,,0.58,0.881
,,,,,,,,1.8,0.857,0.71,0.783,,,0.58,0.882
,,,,,,,,1.8,0.858,0.7,0.784,,,0.57,0.883
,,,,,,,,1.8,0.859,0.7,0.785,,,0.56,0.884
,,,,,,,,1.8,0.86,0.7,0.786,,,0.56,0.885
,,,,,,,,1.8,0.862,0.7,0.787,,,0.55,0.886
,,,,,,,,1.8,0.863,0.69,0.788,,,0.55,0.887
,,,,,,,,1.8,0.864,0.69,0.789,,,0.54,0.888
,,,,,,,,1.8,0.865,0.69,0.79,,,0.54,0.889
,,,,,,,,1.8,0.866,0.69,0.791,,,0.54,0.89
,,,,,,,,1.8,0.867,0.68,0.792,,,0.54,0.892
,,,,,,,,1.8,0.868,0.68,0.793,,,0.53,0.893
,,,,,,,,1.8,0.869,0.68,0.794,,,0.53,0.894
,,,,,,,,1.7,0.87,0.67,0.795,,,0.53,0.895
,,,,,,,,1.7,0.871,0.67,0.796,,,0.53,0.896
,,,,,,,,1.7,0.872,0.67,0.797,,,0.51,0.897
,,,,,,,,1.7,0.873,0.67,0.798,,,0.51,0.898
,,,,,,,,1.7,0.874,0.67,0.799,,,0.51,0.899
,,,,,,,,1.7,0.875,0.67,0.8,,,0.51,0.9
,,,,,,,,1.7,0.876,0.67,0.801,,,0.5,0.901
,,,,,,,,1.7,0.878,0.67,0.802,,,0.5,0.903
,,,,,,,,1.7,0.879,0.66,0.803,,,0.49,0.904
,,,,,,,,1.7,0.88,0.66,0.804,,,0.49,0.905
,,,,,,,,1.7,0.881,0.66,0.804,,,0.49,0.906
,,,,,,,,1.7,0.882,0.65,0.805,,,0.49,0.907
,,,,,,,,1.7,0.883,0.65,0.806,,,0.48,0.908
,,,,,,,,1.7,0.884,0.65,0.807,,,0.48,0.909
,,,,,,,,1.6,0.885,0.64,0.808,,,0.48,0.91
,,,,,,,,1.6,0.886,0.64,0.809,,,0.48,0.911
,,,,,,,,1.6,0.887,0.64,0.81,,,0.48,0.912
,,,,,,,,1.6,0.888,0.64,0.811,,,0.47,0.913
,,,,,,,,1.6,0.889,0.63,0.812,,,0.46,0.915
,,,,,,,,1.6,0.89,0.63,0.813,,,0.46,0.916
,,,,,,,,1.6,0.891,0.63,0.814,,,0.46,0.917
,,,,,,,,1.6,0.892,0.63,0.815,,,0.46,0.918
,,,,,,,,1.6,0.894,0.63,0.816,,,0.45,0.919
,,,,,,,,1.6,0.895,0.63,0.817,,,0.45,0.92
,,,,,,,,1.6,0.896,0.62,0.818,,,0.45,0.921
,,,,,,,,1.6,0.897,0.62,0.819,,,0.45,0.922
,,,,,,,,1.6,0.898,0.62,0.82,,,0.44,0.923
,,,,,,,,1.6,0.899,0.61,0.821,,,0.44,0.924
,,,,,,,,1.6,0.9,0.61,0.822,,,0.44,0.926
,,,,,,,,1.6,0.901,0.61,0.823,,,0.43,0.927
,,,,,,,,1.6,0.902,0.6,0.824,,,0.43,0.928
,,,,,,,,1.6,0.903,0.6,0.825,,,0.43,0.929
,,,,,,,,1.6,0.904,0.6,0.826,,,0.43,0.93
,,,,,,,,1.6,0.905,0.6,0.827,,,0.43,0.931
,,,,,,,,1.6,0.906,0.6,0.828,,,0.42,0.932
,,,,,,,,1.6,0.907,0.6,0.829,,,0.42,0.933
,,,,,,,,1.6,0.908,0.59,0.83,,,0.42,0.934
,,,,,,,,1.6,0.909,0.59,0.831,,,0.42,0.935
,,,,,,,,1.5,0.911,0.59,0.832,,,0.42,0.936
,,,,,,,,1.5,0.912,0.59,0.833,,,0.41,0.938
,,,,,,,,1.5,0.913,0.59,0.834,,,0.41,0.939
,,,,,,,,1.5,0.914,0.59,0.835,,,0.41,0.94
,,,,,,,,1.5,0.915,0.58,0.836,,,0.41,0.941
,,,,,,,,1.5,0.916,0.58,0.837,,,0.41,0.942
,,,,,,,,1.5,0.917,0.58,0.838,,,0.41,0.943
,,,,,,,,1.5,0.918,0.58,0.839,,,0.41,0.944
,,,,,,,,1.5,0.919,0.58,0.839,,,0.4,0.945
,,,,,,,,1.5,0.92,0.58,0.84,,,0.4,0.946
,,,,,,,,1.5,0.921,0.58,0.841,,,0.4,0.947
,,,,,,,,1.5,0.922,0.57,0.842,,,0.4,0.949
,,,,,,,,1.5,0.923,0.57,0.843,,,0.39,0.95
,,,,,,,,1.5,0.924,0.57,0.844,,,0.39,0.951
,,,,,,,,1.5,0.925,0.57,0.845,,,0.39,0.952
,,,,,,,,1.5,0.927,0.57,0.846,,,0.38,0.953
,,,,,,,,1.5,0.928,0.57,0.847,,,0.38,0.954
,,,,,,,,1.5,0.929,0.56,0.848,,,0.38,0.955
,,,,,,,,1.5,0.93,0.56,0.849,,,0.37,0.956
,,,,,,,,1.5,0.931,0.56,0.85,,,0.37,0.957
,,,,,,,,1.5,0.932,0.56,0.851,,,0.37,0.958
,,,,,,,,1.5,0.933,0.56,0.852,,,0.36,0.959
,,,,,,,,1.5,0.934,0.56,0.853,,,0.36,0.961
,,,,,,,,1.5,0.935,0.56,0.854,,,0.36,0.962
,,,,,,,,1.5,0.936,0.55,0.855,,,0.36,0.963
,,,,,,,,1.5,0.937,0.55,0.856,,,0.36,0.964
,,,,,,,,1.5,0.938,0.55,0.857,,,0.34,0.965
,,,,,,,,1.5,0.939,0.55,0.858,,,0.34,0.966
,,,,,,,,1.5,0.94,0.55,0.859,,,0.33,0.967
,,,,,,,,1.5,0.941,0.54,0.86,,,0.32,0.968
,,,,,,,,1.4,0.942,0.54,0.861,,,0.32,0.969
,,,,,,,,1.4,0.944,0.54,0.862,,,0.32,0.97
,,,,,,,,1.4,0.945,0.54,0.863,,,0.31,0.972
,,,,,,,,1.4,0.946,0.54,0.864,,,0.31,0.973
,,,,,,,,1.4,0.947,0.54,0.865,,,0.3,0.974
,,,,,,,,1.4,0.948,0.54,0.866,,,0.3,0.975
,,,,,,,,1.4,0.949,0.53,0.867,,,0.3,0.976
,,,,,,,,1.4,0.95,0.53,0.868,,,0.29,0.977
,,,,,,,,1.4,0.951,0.53,0.869,,,0.29,0.978
,,,,,,,,1.4,0.952,0.53,0.87,,,0.29,0.979
,,,,,,,,1.4,0.953,0.53,0.871,,,0.28,0.98
,,,,,,,,1.4,0.954,0.53,0.872,,,0.28,0.981
,,,,,,,,1.4,0.955,0.53,0.873,,,0.27,0.982
,,,,,,,,1.4,0.956,0.53,0.874,,,0.26,0.984
,,,,,,,,1.4,0.957,0.52,0.875,,,0.26,0.985
,,,,,,,,1.4,0.958,0.52,0.875,,,0.26,0.986
,,,,,,,,1.4,0.96,0.52,0.876,,,0.26,0.987
,,,,,,,,1.4,0.961,0.52,0.877,,,0.25,0.988
,,,,,,,,1.4,0.962,0.52,0.878,,,0.24,0.989
,,,,,,,,1.3,0.963,0.51,0.879,,,0.23,0.99
,,,,,,,,1.3,0.964,0.5,0.88,,,0.23,0.991
,,,,,,,,1.3,0.965,0.5,0.881,,,0.23,0.992
,,,,,,,,1.3,0.966,0.5,0.882,,,0.23,0.993
,,,,,,,,1.3,0.967,0.5,0.883,,,0.22,0.995
,,,,,,,,1.2,0.968,0.49,0.884,,,0.2,0.996
,,,,,,,,1.2,0.969,0.49,0.885,,,0.2,0.997
,,,,,,,,1.2,0.97,0.49,0.886,,,0.19,0.998
,,,,,,,,1.2,0.971,0.48,0.887,,,0.17,0.999
,,,,,,,,1.2,0.972,0.48,0.888,,,,
,,,,,,,,1.2,0.973,0.48,0.889,,,,
,,,,,,,,1.2,0.974,0.48,0.89,,,,
,,,,,,,,1.2,0.976,0.48,0.891,,,,
,,,,,,,,1.2,0.977,0.48,0.892,,,,
,,,,,,,,1.2,0.978,0.48,0.893,,,,
,,,,,,,,1.2,0.979,0.48,0.894,,,,
,,,,,,,,1.2,0.98,0.47,0.895,,,,
,,,,,,,,1.2,0.981,0.47,0.896,,,,
,,,,,,,,1.2,0.982,0.47,0.897,,,,
,,,,,,,,1.1,0.983,0.47,0.898,,,,
,,,,,,,,1.1,0.984,0.46,0.899,,,,
,,,,,,,,1.1,0.985,0.46,0.9,,,,
,,,,,,,,1.1,0.986,0.46,0.901,,,,
,,,,,,,,1.1,0.987,0.45,0.902,,,,
,,,,,,,,1.1,0.988,0.45,0.903,,,,
,,,,,,,,1.1,0.989,0.45,0.904,,,,
,,,,,,,,1.1,0.99,0.44,0.905,,,,
,,,,,,,,1.1,0.991,0.44,0.906,,,,
,,,,,,,,1.1,0.993,0.44,0.907,,,,
,,,,,,,,1,0.994,0.43,0.908,,,,
,,,,,,,,1,0.995,0.43,0.909,,,,
,,,,,,,,1,0.996,0.43,0.91,,,,
,,,,,,,,1,0.997,0.43,0.911,,,,
,,,,,,,,0.9,0.998,0.42,0.911,,,,
,,,,,,,,0.9,0.999,0.42,0.912,,,,
,,,,,,,,,,0.41,0.913,,,,
,,,,,,,,,,0.41,0.914,,,,
,,,,,,,,,,0.41,0.915,,,,
,,,,,,,,,,0.41,0.916,,,,
,,,,,,,,,,0.41,0.917,,,,
,,,,,,,,,,0.41,0.918,,,,
,,,,,,,,,,0.41,0.919,,,,
,,,,,,,,,,0.41,0.92,,,,
,,,,,,,,,,0.41,0.921,,,,
,,,,,,,,,,0.41,0.922,,,,
,,,,,,,,,,0.4,0.923,,,,
,,,,,,,,,,0.4,0.924,,,,
,,,,,,,,,,0.4,0.925,,,,
,,,,,,,,,,0.4,0.926,,,,
,,,,,,,,,,0.4,0.927,,,,
,,,,,,,,,,0.39,0.928,,,,
,,,,,,,,,,0.39,0.929,,,,
,,,,,,,,,,0.39,0.93,,,,
,,,,,,,,,,0.39,0.931,,,,
,,,,,,,,,,0.38,0.932,,,,
,,,,,,,,,,0.38,0.933,,,,
,,,,,,,,,,0.37,0.934,,,,
,,,,,,,,,,0.36,0.935,,,,
,,,,,,,,,,0.36,0.936,,,,
,,,,,,,,,,0.36,0.937,,,,
,,,,,,,,,,0.35,0.938,,,,
,,,,,,,,,,0.34,0.939,,,,
,,,,,,,,,,0.34,0.94,,,,
,,,,,,,,,,0.34,0.941,,,,
,,,,,,,,,,0.33,0.942,,,,
,,,,,,,,,,0.33,0.943,,,,
,,,,,,,,,,0.33,0.944,,,,
,,,,,,,,,,0.33,0.945,,,,
,,,,,,,,,,0.33,0.946,,,,
,,,,,,,,,,0.33,0.946,,,,
,,,,,,,,,,0.32,0.947,,,,
,,,,,,,,,,0.32,0.948,,,,
,,,,,,,,,,0.32,0.949,,,,
,,,,,,,,,,0.31,0.95,,,,
,,,,,,,,,,0.31,0.951,,,,
,,,,,,,,,,0.31,0.952,,,,
,,,,,,,,,,0.31,0.953,,,,
,,,,,,,,,,0.3,0.954,,,,
,,,,,,,,,,0.3,0.955,,,,
,,,,,,,,,,0.3,0.956,,,,
,,,,,,,,,,0.3,0.957,,,,
,,,,,,,,,,0.3,0.958,,,,
,,,,,,,,,,0.3,0.959,,,,
,,,,,,,,,,0.3,0.96,,,,
,,,,,,,,,,0.29,0.961,,,,
,,,,,,,,,,0.29,0.962,,,,
,,,,,,,,,,0.29,0.963,,,,
,,,,,,,,,,0.28,0.964,,,,
,,,,,,,,,,0.28,0.965,,,,
,,,,,,,,,,0.28,0.966,,,,
,,,,,,,,,,0.28,0.967,,,,
,,,,,,,,,,0.28,0.968,,,,
,,,,,,,,,,0.28,0.969,,,,
,,,,,,,,,,0.28,0.97,,,,
,,,,,,,,,,0.28,0.971,,,,
,,,,,,,,,,0.28,0.972,,,,
,,,,,,,,,,0.28,0.973,,,,
,,,,,,,,,,0.28,0.974,,,,
,,,,,,,,,,0.28,0.975,,,,
,,,,,,,,,,0.28,0.976,,,,
,,,,,,,,,,0.27,0.977,,,,
,,,,,,,,,,0.27,0.978,,,,
,,,,,,,,,,0.27,0.979,,,,
,,,,,,,,,,0.27,0.98,,,,
,,,,,,,,,,0.27,0.981,,,,
,,,,,,,,,,0.27,0.982,,,,
,,,,,,,,,,0.27,0.982,,,,
,,,,,,,,,,0.27,0.983,,,,
,,,,,,,,,,0.27,0.984,,,,
,,,,,,,,,,0.27,0.985,,,,
,,,,,,,,,,0.27,0.986,,,,
,,,,,,,,,,0.27,0.987,,,,
,,,,,,,,,,0.27,0.988,,,,
,,,,,,,,,,0.27,0.989,,,,
,,,,,,,,,,0.26,0.99,,,,
,,,,,,,,,,0.25,0.991,,,,
,,,,,,,,,,0.25,0.992,,,,
,,,,,,,,,,0.24,0.993,,,,
,,,,,,,,,,0.23,0.994,,,,
,,,,,,,,,,0.22,0.995,,,,
,,,,,,,,,,0.2,0.996,,,,
,,,,,,,,,,0.2,0.997,,,,
,,,,,,,,,,0.19,0.998,,,,
,,,,,,,,,,0.14,0.999,,,,
